category,event_type,event_month,day_of_week,duration_hours,venue_id,venue_capacity,venue_availability,suitability_score
Cultural,Free,5,1,3,V-0001,5000,Y,0.9199
Cultural,Free,5,1,3,V-0002,10000,Y,0.6945
Cultural,Free,5,1,3,V-0003,2000,Y,0.9059
Cultural,Free,5,1,3,V-0004,500,Y,0.6909
Cultural,Free,5,1,3,V-0005,800,Y,0.5406
Cultural,Free,5,1,3,V-0006,12000,Y,0.5906
Cultural,Free,5,1,3,V-0007,300,Y,0.2632
Cultural,Free,5,1,3,V-0008,1000,Y,0.5807
Cultural,Free,5,1,3,V-0009,3000,Y,0.8112
Cultural,Free,5,1,3,V-0010,800,Y,0.6517
Cultural,Paid,9,0,6,V-0001,5000,Y,0.9815
Cultural,Paid,9,0,6,V-0002,10000,Y,0.6814
Cultural,Paid,9,0,6,V-0003,2000,Y,0.8097
Cultural,Paid,9,0,6,V-0004,500,Y,0.4735
Cultural,Paid,9,0,6,V-0005,800,Y,0.581
Cultural,Paid,9,0,6,V-0006,12000,Y,0.5775
Cultural,Paid,9,0,6,V-0007,300,Y,0.1595
Cultural,Paid,9,0,6,V-0008,1000,Y,0.6626
Cultural,Paid,9,0,6,V-0009,3000,Y,0.7137
Cultural,Paid,9,0,6,V-0010,800,Y,0.4935
Cultural,Free,4,1,6,V-0001,5000,Y,0.9586
Cultural,Free,4,1,6,V-0002,10000,Y,0.691
Cultural,Free,4,1,6,V-0003,2000,Y,0.8827
Cultural,Free,4,1,6,V-0004,500,Y,0.573
Cultural,Free,4,1,6,V-0005,800,Y,0.5282
Cultural,Free,4,1,6,V-0006,12000,Y,0.6044
Cultural,Free,4,1,6,V-0007,300,Y,0.154
Cultural,Free,4,1,6,V-0008,1000,Y,0.565
Cultural,Free,4,1,6,V-0009,3000,Y,0.806
Cultural,Free,4,1,6,V-0010,800,Y,0.6183
Cultural,Free,12,5,8,V-0001,5000,Y,0.9259
Cultural,Free,12,5,8,V-0002,10000,Y,0.9541
Cultural,Free,12,5,8,V-0003,2000,Y,0.9595
Cultural,Free,12,5,8,V-0004,500,Y,0.5177
Cultural,Free,12,5,8,V-0005,800,Y,0.3829
Cultural,Free,12,5,8,V-0006,12000,Y,0.7312
Cultural,Free,12,5,8,V-0007,300,Y,0.1384
Cultural,Free,12,5,8,V-0008,1000,Y,0.4216
Cultural,Free,12,5,8,V-0009,3000,Y,0.9569
Cultural,Free,12,5,8,V-0010,800,Y,0.5679
Ceremony,Free,10,2,12,V-0001,5000,Y,1.0
Ceremony,Free,10,2,12,V-0002,10000,Y,0.5869
Ceremony,Free,10,2,12,V-0003,2000,Y,0.6054
Ceremony,Free,10,2,12,V-0004,500,Y,0.448
Ceremony,Free,10,2,12,V-0005,800,Y,0.6409
Ceremony,Free,10,2,12,V-0006,12000,Y,0.5012
Ceremony,Free,10,2,12,V-0007,300,Y,0.1116
Ceremony,Free,10,2,12,V-0008,1000,Y,0.8423
Ceremony,Free,10,2,12,V-0009,3000,Y,0.7737
Ceremony,Free,10,2,12,V-0010,800,Y,0.3895
Cultural,Paid,3,5,4,V-0001,5000,Y,1.0
Cultural,Paid,3,5,4,V-0002,10000,Y,0.6846
Cultural,Paid,3,5,4,V-0003,2000,Y,0.7729
Cultural,Paid,3,5,4,V-0004,500,Y,0.5745
Cultural,Paid,3,5,4,V-0005,800,Y,0.6912
Cultural,Paid,3,5,4,V-0006,12000,Y,0.6373
Cultural,Paid,3,5,4,V-0007,300,Y,0.1664
Cultural,Paid,3,5,4,V-0008,1000,Y,0.6376
Cultural,Paid,3,5,4,V-0009,3000,Y,0.7633
Cultural,Paid,3,5,4,V-0010,800,Y,0.589
Sports,Free,6,0,2,V-0001,5000,Y,0.2308
Sports,Free,6,0,2,V-0002,10000,Y,0.7926
Sports,Free,6,0,2,V-0003,2000,Y,0.4357
Sports,Free,6,0,2,V-0004,500,Y,0.3322
Sports,Free,6,0,2,V-0005,800,Y,0.2825
Sports,Free,6,0,2,V-0006,12000,Y,0.9042
Sports,Free,6,0,2,V-0007,300,Y,0.8471
Sports,Free,6,0,2,V-0008,1000,Y,0.2401
Sports,Free,6,0,2,V-0009,3000,Y,0.3945
Sports,Free,6,0,2,V-0010,800,Y,0.3542
Cultural,Free,6,4,3,V-0001,5000,Y,0.9145
Cultural,Free,6,4,3,V-0002,10000,Y,0.7615
Cultural,Free,6,4,3,V-0003,2000,Y,0.8786
Cultural,Free,6,4,3,V-0004,500,Y,0.6926
Cultural,Free,6,4,3,V-0005,800,Y,0.4452
Cultural,Free,6,4,3,V-0006,12000,Y,0.6329
Cultural,Free,6,4,3,V-0007,300,Y,0.2035
Cultural,Free,6,4,3,V-0008,1000,Y,0.538
Cultural,Free,6,4,3,V-0009,3000,Y,0.8337
Cultural,Free,6,4,3,V-0010,800,Y,0.5505
Cultural,Paid,9,0,48,V-0001,5000,Y,1.0
Cultural,Paid,9,0,48,V-0002,10000,Y,0.8143
Cultural,Paid,9,0,48,V-0003,2000,Y,0.8591
Cultural,Paid,9,0,48,V-0004,500,Y,0.3793
Cultural,Paid,9,0,48,V-0005,800,Y,0.4677
Cultural,Paid,9,0,48,V-0006,12000,Y,0.6799
Cultural,Paid,9,0,48,V-0007,300,Y,0.0866
Cultural,Paid,9,0,48,V-0008,1000,Y,0.6632
Cultural,Paid,9,0,48,V-0009,3000,Y,0.8288
Cultural,Paid,9,0,48,V-0010,800,Y,0.4205
Ceremony,Free,5,6,6,V-0001,5000,Y,0.9539
Ceremony,Free,5,6,6,V-0002,10000,Y,0.4387
Ceremony,Free,5,6,6,V-0003,2000,Y,0.5019
Ceremony,Free,5,6,6,V-0004,500,Y,0.5169
Ceremony,Free,5,6,6,V-0005,800,Y,0.8843
Ceremony,Free,5,6,6,V-0006,12000,Y,0.2915
Ceremony,Free,5,6,6,V-0007,300,Y,0.2118
Ceremony,Free,5,6,6,V-0008,1000,Y,0.8604
Ceremony,Free,5,6,6,V-0009,3000,Y,0.5802
Ceremony,Free,5,6,6,V-0010,800,Y,0.5206
Sports,Free,12,0,1,V-0001,5000,Y,0.1434
Sports,Free,12,0,1,V-0002,10000,Y,0.8632
Sports,Free,12,0,1,V-0003,2000,Y,0.5463
Sports,Free,12,0,1,V-0004,500,Y,0.4279
Sports,Free,12,0,1,V-0005,800,Y,0.1935
Sports,Free,12,0,1,V-0006,12000,Y,0.9462
Sports,Free,12,0,1,V-0007,300,Y,1.0
Sports,Free,12,0,1,V-0008,1000,Y,0.157
Sports,Free,12,0,1,V-0009,3000,Y,0.4703
Sports,Free,12,0,1,V-0010,800,Y,0.457
Technical,Paid,2,6,3,V-0001,5000,Y,0.5732
Technical,Paid,2,6,3,V-0002,10000,Y,0.3289
Technical,Paid,2,6,3,V-0003,2000,Y,0.5324
Technical,Paid,2,6,3,V-0004,500,Y,0.5785
Technical,Paid,2,6,3,V-0005,800,Y,0.8423
Technical,Paid,2,6,3,V-0006,12000,Y,0.2921
Technical,Paid,2,6,3,V-0007,300,Y,0.2286
Technical,Paid,2,6,3,V-0008,1000,Y,0.8533
Technical,Paid,2,6,3,V-0009,3000,Y,0.4757
Technical,Paid,2,6,3,V-0010,800,Y,0.5601
Cultural,Free,8,5,12,V-0001,5000,Y,1.0
Cultural,Free,8,5,12,V-0002,10000,Y,0.7636
Cultural,Free,8,5,12,V-0003,2000,Y,0.9361
Cultural,Free,8,5,12,V-0004,500,Y,0.4239
Cultural,Free,8,5,12,V-0005,800,Y,0.4235
Cultural,Free,8,5,12,V-0006,12000,Y,0.7876
Cultural,Free,8,5,12,V-0007,300,Y,0.0104
Cultural,Free,8,5,12,V-0008,1000,Y,0.5273
Cultural,Free,8,5,12,V-0009,3000,Y,0.934
Cultural,Free,8,5,12,V-0010,800,Y,0.4599
Technical,Free,4,5,3,V-0001,5000,Y,0.538
Technical,Free,4,5,3,V-0002,10000,Y,0.2527
Technical,Free,4,5,3,V-0003,2000,Y,0.4875
Technical,Free,4,5,3,V-0004,500,Y,0.4989
Technical,Free,4,5,3,V-0005,800,Y,0.7632
Technical,Free,4,5,3,V-0006,12000,Y,0.262
Technical,Free,4,5,3,V-0007,300,Y,0.1187
Technical,Free,4,5,3,V-0008,1000,Y,0.8371
Technical,Free,4,5,3,V-0009,3000,Y,0.4625
Technical,Free,4,5,3,V-0010,800,Y,0.4808
Cultural,Paid,3,4,8,V-0001,5000,Y,1.0
Cultural,Paid,3,4,8,V-0002,10000,Y,0.8523
Cultural,Paid,3,4,8,V-0003,2000,Y,0.7357
Cultural,Paid,3,4,8,V-0004,500,Y,0.4074
Cultural,Paid,3,4,8,V-0005,800,Y,0.5104
Cultural,Paid,3,4,8,V-0006,12000,Y,0.7313
Cultural,Paid,3,4,8,V-0007,300,Y,0.0005
Cultural,Paid,3,4,8,V-0008,1000,Y,0.5972
Cultural,Paid,3,4,8,V-0009,3000,Y,0.8709
Cultural,Paid,3,4,8,V-0010,800,Y,0.4119
Technical,Free,5,5,8,V-0001,5000,Y,0.71
Technical,Free,5,5,8,V-0002,10000,Y,0.3639
Technical,Free,5,5,8,V-0003,2000,Y,0.5028
Technical,Free,5,5,8,V-0004,500,Y,0.3393
Technical,Free,5,5,8,V-0005,800,Y,0.6617
Technical,Free,5,5,8,V-0006,12000,Y,0.2714
Technical,Free,5,5,8,V-0007,300,Y,0.0746
Technical,Free,5,5,8,V-0008,1000,Y,0.869
Technical,Free,5,5,8,V-0009,3000,Y,0.4823
Technical,Free,5,5,8,V-0010,800,Y,0.4063
Technical,Paid,1,1,12,V-0001,5000,Y,0.711
Technical,Paid,1,1,12,V-0002,10000,Y,0.4615
Technical,Paid,1,1,12,V-0003,2000,Y,0.5763
Technical,Paid,1,1,12,V-0004,500,Y,0.2972
Technical,Paid,1,1,12,V-0005,800,Y,0.7385
Technical,Paid,1,1,12,V-0006,12000,Y,0.3965
Technical,Paid,1,1,12,V-0007,300,Y,0.1129
Technical,Paid,1,1,12,V-0008,1000,Y,0.9759
Technical,Paid,1,1,12,V-0009,3000,Y,0.5202
Technical,Paid,1,1,12,V-0010,800,Y,0.3499
Sports,Free,2,1,24,V-0001,5000,Y,0.2644
Sports,Free,2,1,24,V-0002,10000,Y,1.0
Sports,Free,2,1,24,V-0003,2000,Y,0.5569
Sports,Free,2,1,24,V-0004,500,Y,0.3236
Sports,Free,2,1,24,V-0005,800,Y,0.0611
Sports,Free,2,1,24,V-0006,12000,Y,1.0
Sports,Free,2,1,24,V-0007,300,Y,0.7805
Sports,Free,2,1,24,V-0008,1000,Y,0.2081
Sports,Free,2,1,24,V-0009,3000,Y,0.5494
Sports,Free,2,1,24,V-0010,800,Y,0.4188
Food,Paid,6,1,6,V-0001,5000,Y,0.475
Food,Paid,6,1,6,V-0002,10000,Y,0.3157
Food,Paid,6,1,6,V-0003,2000,Y,0.6072
Food,Paid,6,1,6,V-0004,500,Y,0.7193
Food,Paid,6,1,6,V-0005,800,Y,0.4911
Food,Paid,6,1,6,V-0006,12000,Y,0.3286
Food,Paid,6,1,6,V-0007,300,Y,0.5689
Food,Paid,6,1,6,V-0008,1000,Y,0.4471
Food,Paid,6,1,6,V-0009,3000,Y,0.7661
Food,Paid,6,1,6,V-0010,800,Y,0.6894
Ceremony,Paid,11,3,3,V-0001,5000,Y,0.9821
Ceremony,Paid,11,3,3,V-0002,10000,Y,0.5143
Ceremony,Paid,11,3,3,V-0003,2000,Y,0.5386
Ceremony,Paid,11,3,3,V-0004,500,Y,0.4802
Ceremony,Paid,11,3,3,V-0005,800,Y,0.9569
Ceremony,Paid,11,3,3,V-0006,12000,Y,0.4454
Ceremony,Paid,11,3,3,V-0007,300,Y,0.2446
Ceremony,Paid,11,3,3,V-0008,1000,Y,0.9061
Ceremony,Paid,11,3,3,V-0009,3000,Y,0.5823
Ceremony,Paid,11,3,3,V-0010,800,Y,0.4843
Technical,Free,9,4,3,V-0001,5000,Y,0.6143
Technical,Free,9,4,3,V-0002,10000,Y,0.2724
Technical,Free,9,4,3,V-0003,2000,Y,0.5733
Technical,Free,9,4,3,V-0004,500,Y,0.5222
Technical,Free,9,4,3,V-0005,800,Y,0.7449
Technical,Free,9,4,3,V-0006,12000,Y,0.1625
Technical,Free,9,4,3,V-0007,300,Y,0.1706
Technical,Free,9,4,3,V-0008,1000,Y,0.8706
Technical,Free,9,4,3,V-0009,3000,Y,0.4506
Technical,Free,9,4,3,V-0010,800,Y,0.6841
Food,Free,10,3,4,V-0001,5000,Y,0.3228
Food,Free,10,3,4,V-0002,10000,Y,0.4754
Food,Free,10,3,4,V-0003,2000,Y,0.8482
Food,Free,10,3,4,V-0004,500,Y,0.8861
Food,Free,10,3,4,V-0005,800,Y,0.3374
Food,Free,10,3,4,V-0006,12000,Y,0.4104
Food,Free,10,3,4,V-0007,300,Y,0.5991
Food,Free,10,3,4,V-0008,1000,Y,0.2905
Food,Free,10,3,4,V-0009,3000,Y,0.9406
Food,Free,10,3,4,V-0010,800,Y,0.9133
Technical,Free,2,6,1,V-0001,5000,Y,0.6426
Technical,Free,2,6,1,V-0002,10000,Y,0.1553
Technical,Free,2,6,1,V-0003,2000,Y,0.6375
Technical,Free,2,6,1,V-0004,500,Y,0.4955
Technical,Free,2,6,1,V-0005,800,Y,0.7311
Technical,Free,2,6,1,V-0006,12000,Y,0.2236
Technical,Free,2,6,1,V-0007,300,Y,0.2326
Technical,Free,2,6,1,V-0008,1000,Y,0.7569
Technical,Free,2,6,1,V-0009,3000,Y,0.4814
Technical,Free,2,6,1,V-0010,800,Y,0.6372
Cultural,Free,3,6,8,V-0001,5000,Y,0.9708
Cultural,Free,3,6,8,V-0002,10000,Y,0.8087
Cultural,Free,3,6,8,V-0003,2000,Y,0.8818
Cultural,Free,3,6,8,V-0004,500,Y,0.4539
Cultural,Free,3,6,8,V-0005,800,Y,0.4858
Cultural,Free,3,6,8,V-0006,12000,Y,0.7254
Cultural,Free,3,6,8,V-0007,300,Y,0.0
Cultural,Free,3,6,8,V-0008,1000,Y,0.5575
Cultural,Free,3,6,8,V-0009,3000,Y,0.9035
Cultural,Free,3,6,8,V-0010,800,Y,0.5141
Food,Free,7,4,72,V-0001,5000,Y,0.4183
Food,Free,7,4,72,V-0002,10000,Y,0.4454
Food,Free,7,4,72,V-0003,2000,Y,0.7502
Food,Free,7,4,72,V-0004,500,Y,0.6646
Food,Free,7,4,72,V-0005,800,Y,0.202
Food,Free,7,4,72,V-0006,12000,Y,0.3866
Food,Free,7,4,72,V-0007,300,Y,0.381
Food,Free,7,4,72,V-0008,1000,Y,0.3239
Food,Free,7,4,72,V-0009,3000,Y,1.0
Food,Free,7,4,72,V-0010,800,Y,0.6962
Food,Free,9,6,24,V-0001,5000,Y,0.3996
Food,Free,9,6,24,V-0002,10000,Y,0.4867
Food,Free,9,6,24,V-0003,2000,Y,0.8149
Food,Free,9,6,24,V-0004,500,Y,0.6713
Food,Free,9,6,24,V-0005,800,Y,0.1892
Food,Free,9,6,24,V-0006,12000,Y,0.3806
Food,Free,9,6,24,V-0007,300,Y,0.4507
Food,Free,9,6,24,V-0008,1000,Y,0.3217
Food,Free,9,6,24,V-0009,3000,Y,0.9978
Food,Free,9,6,24,V-0010,800,Y,0.711
Cultural,Paid,9,6,3,V-0001,5000,Y,0.9629
Cultural,Paid,9,6,3,V-0002,10000,Y,0.6976
Cultural,Paid,9,6,3,V-0003,2000,Y,0.6703
Cultural,Paid,9,6,3,V-0004,500,Y,0.509
Cultural,Paid,9,6,3,V-0005,800,Y,0.6399
Cultural,Paid,9,6,3,V-0006,12000,Y,0.5501
Cultural,Paid,9,6,3,V-0007,300,Y,0.2653
Cultural,Paid,9,6,3,V-0008,1000,Y,0.5928
Cultural,Paid,9,6,3,V-0009,3000,Y,0.7324
Cultural,Paid,9,6,3,V-0010,800,Y,0.5552
Sports,Free,7,1,4,V-0001,5000,Y,0.3077
Sports,Free,7,1,4,V-0002,10000,Y,0.8426
Sports,Free,7,1,4,V-0003,2000,Y,0.5265
Sports,Free,7,1,4,V-0004,500,Y,0.3804
Sports,Free,7,1,4,V-0005,800,Y,0.2107
Sports,Free,7,1,4,V-0006,12000,Y,0.9685
Sports,Free,7,1,4,V-0007,300,Y,0.858
Sports,Free,7,1,4,V-0008,1000,Y,0.176
Sports,Free,7,1,4,V-0009,3000,Y,0.3828
Sports,Free,7,1,4,V-0010,800,Y,0.3646
Sports,Paid,3,4,24,V-0001,5000,Y,0.4545
Sports,Paid,3,4,24,V-0002,10000,Y,1.0
Sports,Paid,3,4,24,V-0003,2000,Y,0.4634
Sports,Paid,3,4,24,V-0004,500,Y,0.1005
Sports,Paid,3,4,24,V-0005,800,Y,0.2853
Sports,Paid,3,4,24,V-0006,12000,Y,0.9719
Sports,Paid,3,4,24,V-0007,300,Y,0.6939
Sports,Paid,3,4,24,V-0008,1000,Y,0.3235
Sports,Paid,3,4,24,V-0009,3000,Y,0.4112
Sports,Paid,3,4,24,V-0010,800,Y,0.1251
Sports,Paid,9,4,3,V-0001,5000,Y,0.3417
Sports,Paid,9,4,3,V-0002,10000,Y,0.8803
Sports,Paid,9,4,3,V-0003,2000,Y,0.3764
Sports,Paid,9,4,3,V-0004,500,Y,0.334
Sports,Paid,9,4,3,V-0005,800,Y,0.3643
Sports,Paid,9,4,3,V-0006,12000,Y,0.9223
Sports,Paid,9,4,3,V-0007,300,Y,0.886
Sports,Paid,9,4,3,V-0008,1000,Y,0.3123
Sports,Paid,9,4,3,V-0009,3000,Y,0.3325
Sports,Paid,9,4,3,V-0010,800,Y,0.3252
Sports,Paid,9,6,24,V-0001,5000,Y,0.4168
Sports,Paid,9,6,24,V-0002,10000,Y,0.9776
Sports,Paid,9,6,24,V-0003,2000,Y,0.4299
Sports,Paid,9,6,24,V-0004,500,Y,0.1744
Sports,Paid,9,6,24,V-0005,800,Y,0.1992
Sports,Paid,9,6,24,V-0006,12000,Y,1.0
Sports,Paid,9,6,24,V-0007,300,Y,0.7511
Sports,Paid,9,6,24,V-0008,1000,Y,0.2763
Sports,Paid,9,6,24,V-0009,3000,Y,0.4219
Sports,Paid,9,6,24,V-0010,800,Y,0.1419
Cultural,Free,8,0,2,V-0001,5000,Y,0.8913
Cultural,Free,8,0,2,V-0002,10000,Y,0.644
Cultural,Free,8,0,2,V-0003,2000,Y,0.913
Cultural,Free,8,0,2,V-0004,500,Y,0.6625
Cultural,Free,8,0,2,V-0005,800,Y,0.6022
Cultural,Free,8,0,2,V-0006,12000,Y,0.5008
Cultural,Free,8,0,2,V-0007,300,Y,0.2273
Cultural,Free,8,0,2,V-0008,1000,Y,0.5376
Cultural,Free,8,0,2,V-0009,3000,Y,0.843
Cultural,Free,8,0,2,V-0010,800,Y,0.6248
Sports,Paid,5,1,2,V-0001,5000,Y,0.3539
Sports,Paid,5,1,2,V-0002,10000,Y,0.8238
Sports,Paid,5,1,2,V-0003,2000,Y,0.3673
Sports,Paid,5,1,2,V-0004,500,Y,0.3837
Sports,Paid,5,1,2,V-0005,800,Y,0.3098
Sports,Paid,5,1,2,V-0006,12000,Y,0.8014
Sports,Paid,5,1,2,V-0007,300,Y,0.8963
Sports,Paid,5,1,2,V-0008,1000,Y,0.3317
Sports,Paid,5,1,2,V-0009,3000,Y,0.325
Sports,Paid,5,1,2,V-0010,800,Y,0.3251
Food,Paid,2,5,6,V-0001,5000,Y,0.3995
Food,Paid,2,5,6,V-0002,10000,Y,0.3941
Food,Paid,2,5,6,V-0003,2000,Y,0.733
Food,Paid,2,5,6,V-0004,500,Y,0.7529
Food,Paid,2,5,6,V-0005,800,Y,0.489
Food,Paid,2,5,6,V-0006,12000,Y,0.3741
Food,Paid,2,5,6,V-0007,300,Y,0.597
Food,Paid,2,5,6,V-0008,1000,Y,0.3871
Food,Paid,2,5,6,V-0009,3000,Y,0.8965
Food,Paid,2,5,6,V-0010,800,Y,0.8075
Cultural,Paid,9,6,2,V-0001,5000,Y,0.9671
Cultural,Paid,9,6,2,V-0002,10000,Y,0.6097
Cultural,Paid,9,6,2,V-0003,2000,Y,0.8098
Cultural,Paid,9,6,2,V-0004,500,Y,0.5297
Cultural,Paid,9,6,2,V-0005,800,Y,0.6312
Cultural,Paid,9,6,2,V-0006,12000,Y,0.5093
Cultural,Paid,9,6,2,V-0007,300,Y,0.1421
Cultural,Paid,9,6,2,V-0008,1000,Y,0.5937
Cultural,Paid,9,6,2,V-0009,3000,Y,0.7213
Cultural,Paid,9,6,2,V-0010,800,Y,0.5415
Ceremony,Paid,3,2,6,V-0001,5000,Y,1.0
Ceremony,Paid,3,2,6,V-0002,10000,Y,0.459
Ceremony,Paid,3,2,6,V-0003,2000,Y,0.4843
Ceremony,Paid,3,2,6,V-0004,500,Y,0.4436
Ceremony,Paid,3,2,6,V-0005,800,Y,0.9992
Ceremony,Paid,3,2,6,V-0006,12000,Y,0.3099
Ceremony,Paid,3,2,6,V-0007,300,Y,0.1993
Ceremony,Paid,3,2,6,V-0008,1000,Y,0.9385
Ceremony,Paid,3,2,6,V-0009,3000,Y,0.5129
Ceremony,Paid,3,2,6,V-0010,800,Y,0.4169
Food,Free,4,4,8,V-0001,5000,Y,0.4708
Food,Free,4,4,8,V-0002,10000,Y,0.5113
Food,Free,4,4,8,V-0003,2000,Y,0.7256
Food,Free,4,4,8,V-0004,500,Y,0.6461
Food,Free,4,4,8,V-0005,800,Y,0.2776
Food,Free,4,4,8,V-0006,12000,Y,0.384
Food,Free,4,4,8,V-0007,300,Y,0.409
Food,Free,4,4,8,V-0008,1000,Y,0.3505
Food,Free,4,4,8,V-0009,3000,Y,0.9839
Food,Free,4,4,8,V-0010,800,Y,0.6491
Technical,Paid,7,5,6,V-0001,5000,Y,0.701
Technical,Paid,7,5,6,V-0002,10000,Y,0.2699
Technical,Paid,7,5,6,V-0003,2000,Y,0.508
Technical,Paid,7,5,6,V-0004,500,Y,0.4384
Technical,Paid,7,5,6,V-0005,800,Y,0.9861
Technical,Paid,7,5,6,V-0006,12000,Y,0.1693
Technical,Paid,7,5,6,V-0007,300,Y,0.1849
Technical,Paid,7,5,6,V-0008,1000,Y,0.9573
Technical,Paid,7,5,6,V-0009,3000,Y,0.4376
Technical,Paid,7,5,6,V-0010,800,Y,0.4177
Ceremony,Paid,8,0,3,V-0001,5000,Y,1.0
Ceremony,Paid,8,0,3,V-0002,10000,Y,0.376
Ceremony,Paid,8,0,3,V-0003,2000,Y,0.365
Ceremony,Paid,8,0,3,V-0004,500,Y,0.429
Ceremony,Paid,8,0,3,V-0005,800,Y,0.9696
Ceremony,Paid,8,0,3,V-0006,12000,Y,0.356
Ceremony,Paid,8,0,3,V-0007,300,Y,0.2137
Ceremony,Paid,8,0,3,V-0008,1000,Y,1.0
Ceremony,Paid,8,0,3,V-0009,3000,Y,0.538
Ceremony,Paid,8,0,3,V-0010,800,Y,0.4269
Cultural,Free,10,4,3,V-0001,5000,Y,0.8141
Cultural,Free,10,4,3,V-0002,10000,Y,0.7997
Cultural,Free,10,4,3,V-0003,2000,Y,0.9072
Cultural,Free,10,4,3,V-0004,500,Y,0.7833
Cultural,Free,10,4,3,V-0005,800,Y,0.5472
Cultural,Free,10,4,3,V-0006,12000,Y,0.6612
Cultural,Free,10,4,3,V-0007,300,Y,0.2115
Cultural,Free,10,4,3,V-0008,1000,Y,0.5542
Cultural,Free,10,4,3,V-0009,3000,Y,0.9054
Cultural,Free,10,4,3,V-0010,800,Y,0.7595
Technical,Free,12,5,2,V-0001,5000,Y,0.4862
Technical,Free,12,5,2,V-0002,10000,Y,0.206
Technical,Free,12,5,2,V-0003,2000,Y,0.6102
Technical,Free,12,5,2,V-0004,500,Y,0.5619
Technical,Free,12,5,2,V-0005,800,Y,0.732
Technical,Free,12,5,2,V-0006,12000,Y,0.2049
Technical,Free,12,5,2,V-0007,300,Y,0.1873
Technical,Free,12,5,2,V-0008,1000,Y,0.7943
Technical,Free,12,5,2,V-0009,3000,Y,0.5148
Technical,Free,12,5,2,V-0010,800,Y,0.6306
Cultural,Paid,6,0,6,V-0001,5000,Y,1.0
Cultural,Paid,6,0,6,V-0002,10000,Y,0.655
Cultural,Paid,6,0,6,V-0003,2000,Y,0.7386
Cultural,Paid,6,0,6,V-0004,500,Y,0.6011
Cultural,Paid,6,0,6,V-0005,800,Y,0.6633
Cultural,Paid,6,0,6,V-0006,12000,Y,0.5701
Cultural,Paid,6,0,6,V-0007,300,Y,0.262
Cultural,Paid,6,0,6,V-0008,1000,Y,0.6546
Cultural,Paid,6,0,6,V-0009,3000,Y,0.7972
Cultural,Paid,6,0,6,V-0010,800,Y,0.5527
Sports,Paid,4,4,3,V-0001,5000,Y,0.4324
Sports,Paid,4,4,3,V-0002,10000,Y,0.9702
Sports,Paid,4,4,3,V-0003,2000,Y,0.39
Sports,Paid,4,4,3,V-0004,500,Y,0.3389
Sports,Paid,4,4,3,V-0005,800,Y,0.3758
Sports,Paid,4,4,3,V-0006,12000,Y,1.0
Sports,Paid,4,4,3,V-0007,300,Y,0.8114
Sports,Paid,4,4,3,V-0008,1000,Y,0.3274
Sports,Paid,4,4,3,V-0009,3000,Y,0.3423
Sports,Paid,4,4,3,V-0010,800,Y,0.2297
Food,Free,4,6,4,V-0001,5000,Y,0.3027
Food,Free,4,6,4,V-0002,10000,Y,0.2684
Food,Free,4,6,4,V-0003,2000,Y,0.7192
Food,Free,4,6,4,V-0004,500,Y,0.8087
Food,Free,4,6,4,V-0005,800,Y,0.4601
Food,Free,4,6,4,V-0006,12000,Y,0.303
Food,Free,4,6,4,V-0007,300,Y,0.6151
Food,Free,4,6,4,V-0008,1000,Y,0.2948
Food,Free,4,6,4,V-0009,3000,Y,0.8119
Food,Free,4,6,4,V-0010,800,Y,0.8278
Ceremony,Free,2,5,4,V-0001,5000,Y,0.9154
Ceremony,Free,2,5,4,V-0002,10000,Y,0.4787
Ceremony,Free,2,5,4,V-0003,2000,Y,0.5273
Ceremony,Free,2,5,4,V-0004,500,Y,0.6064
Ceremony,Free,2,5,4,V-0005,800,Y,0.7978
Ceremony,Free,2,5,4,V-0006,12000,Y,0.4568
Ceremony,Free,2,5,4,V-0007,300,Y,0.2947
Ceremony,Free,2,5,4,V-0008,1000,Y,0.7624
Ceremony,Free,2,5,4,V-0009,3000,Y,0.6394
Ceremony,Free,2,5,4,V-0010,800,Y,0.5676
Ceremony,Free,12,0,8,V-0001,5000,Y,0.9975
Ceremony,Free,12,0,8,V-0002,10000,Y,0.6182
Ceremony,Free,12,0,8,V-0003,2000,Y,0.5706
Ceremony,Free,12,0,8,V-0004,500,Y,0.4802
Ceremony,Free,12,0,8,V-0005,800,Y,0.6788
Ceremony,Free,12,0,8,V-0006,12000,Y,0.4983
Ceremony,Free,12,0,8,V-0007,300,Y,0.1257
Ceremony,Free,12,0,8,V-0008,1000,Y,0.7586
Ceremony,Free,12,0,8,V-0009,3000,Y,0.7379
Ceremony,Free,12,0,8,V-0010,800,Y,0.4121
Cultural,Free,12,2,12,V-0001,5000,Y,1.0
Cultural,Free,12,2,12,V-0002,10000,Y,0.8814
Cultural,Free,12,2,12,V-0003,2000,Y,0.932
Cultural,Free,12,2,12,V-0004,500,Y,0.5686
Cultural,Free,12,2,12,V-0005,800,Y,0.3455
Cultural,Free,12,2,12,V-0006,12000,Y,0.7712
Cultural,Free,12,2,12,V-0007,300,Y,0.1546
Cultural,Free,12,2,12,V-0008,1000,Y,0.5303
Cultural,Free,12,2,12,V-0009,3000,Y,0.9888
Cultural,Free,12,2,12,V-0010,800,Y,0.537
Cultural,Free,4,4,4,V-0001,5000,Y,0.889
Cultural,Free,4,4,4,V-0002,10000,Y,0.6079
Cultural,Free,4,4,4,V-0003,2000,Y,0.8194
Cultural,Free,4,4,4,V-0004,500,Y,0.6847
Cultural,Free,4,4,4,V-0005,800,Y,0.6158
Cultural,Free,4,4,4,V-0006,12000,Y,0.59
Cultural,Free,4,4,4,V-0007,300,Y,0.2231
Cultural,Free,4,4,4,V-0008,1000,Y,0.5625
Cultural,Free,4,4,4,V-0009,3000,Y,0.9532
Cultural,Free,4,4,4,V-0010,800,Y,0.6748
Ceremony,Free,8,1,12,V-0001,5000,Y,1.0
Ceremony,Free,8,1,12,V-0002,10000,Y,0.4618
Ceremony,Free,8,1,12,V-0003,2000,Y,0.4657
Ceremony,Free,8,1,12,V-0004,500,Y,0.3881
Ceremony,Free,8,1,12,V-0005,800,Y,0.7197
Ceremony,Free,8,1,12,V-0006,12000,Y,0.3931
Ceremony,Free,8,1,12,V-0007,300,Y,0.0241
Ceremony,Free,8,1,12,V-0008,1000,Y,0.8067
Ceremony,Free,8,1,12,V-0009,3000,Y,0.7475
Ceremony,Free,8,1,12,V-0010,800,Y,0.4153
Cultural,Free,9,0,2,V-0001,5000,Y,0.8997
Cultural,Free,9,0,2,V-0002,10000,Y,0.6592
Cultural,Free,9,0,2,V-0003,2000,Y,0.8831
Cultural,Free,9,0,2,V-0004,500,Y,0.5955
Cultural,Free,9,0,2,V-0005,800,Y,0.6109
Cultural,Free,9,0,2,V-0006,12000,Y,0.5216
Cultural,Free,9,0,2,V-0007,300,Y,0.1585
Cultural,Free,9,0,2,V-0008,1000,Y,0.5424
Cultural,Free,9,0,2,V-0009,3000,Y,0.795
Cultural,Free,9,0,2,V-0010,800,Y,0.5747
Food,Paid,2,6,12,V-0001,5000,Y,0.537
Food,Paid,2,6,12,V-0002,10000,Y,0.6064
Food,Paid,2,6,12,V-0003,2000,Y,0.6741
Food,Paid,2,6,12,V-0004,500,Y,0.6525
Food,Paid,2,6,12,V-0005,800,Y,0.274
Food,Paid,2,6,12,V-0006,12000,Y,0.4605
Food,Paid,2,6,12,V-0007,300,Y,0.4563
Food,Paid,2,6,12,V-0008,1000,Y,0.3654
Food,Paid,2,6,12,V-0009,3000,Y,0.9819
Food,Paid,2,6,12,V-0010,800,Y,0.6468
Technical,Free,8,1,12,V-0001,5000,Y,0.7108
Technical,Free,8,1,12,V-0002,10000,Y,0.348
Technical,Free,8,1,12,V-0003,2000,Y,0.5204
Technical,Free,8,1,12,V-0004,500,Y,0.2937
Technical,Free,8,1,12,V-0005,800,Y,0.6269
Technical,Free,8,1,12,V-0006,12000,Y,0.3302
Technical,Free,8,1,12,V-0007,300,Y,0.02
Technical,Free,8,1,12,V-0008,1000,Y,0.8109
Technical,Free,8,1,12,V-0009,3000,Y,0.534
Technical,Free,8,1,12,V-0010,800,Y,0.4101
Cultural,Free,1,3,3,V-0001,5000,Y,0.7832
Cultural,Free,1,3,3,V-0002,10000,Y,0.8017
Cultural,Free,1,3,3,V-0003,2000,Y,0.9335
Cultural,Free,1,3,3,V-0004,500,Y,0.7328
Cultural,Free,1,3,3,V-0005,800,Y,0.4695
Cultural,Free,1,3,3,V-0006,12000,Y,0.6078
Cultural,Free,1,3,3,V-0007,300,Y,0.2149
Cultural,Free,1,3,3,V-0008,1000,Y,0.5019
Cultural,Free,1,3,3,V-0009,3000,Y,0.9204
Cultural,Free,1,3,3,V-0010,800,Y,0.6738
Ceremony,Free,12,5,72,V-0001,5000,Y,1.0
Ceremony,Free,12,5,72,V-0002,10000,Y,0.5135
Ceremony,Free,12,5,72,V-0003,2000,Y,0.6074
Ceremony,Free,12,5,72,V-0004,500,Y,0.4116
Ceremony,Free,12,5,72,V-0005,800,Y,0.6739
Ceremony,Free,12,5,72,V-0006,12000,Y,0.5319
Ceremony,Free,12,5,72,V-0007,300,Y,0.0956
Ceremony,Free,12,5,72,V-0008,1000,Y,0.7846
Ceremony,Free,12,5,72,V-0009,3000,Y,0.8003
Ceremony,Free,12,5,72,V-0010,800,Y,0.4369
Food,Paid,8,1,3,V-0001,5000,Y,0.4834
Food,Paid,8,1,3,V-0002,10000,Y,0.3048
Food,Paid,8,1,3,V-0003,2000,Y,0.6712
Food,Paid,8,1,3,V-0004,500,Y,0.7577
Food,Paid,8,1,3,V-0005,800,Y,0.4011
Food,Paid,8,1,3,V-0006,12000,Y,0.2681
Food,Paid,8,1,3,V-0007,300,Y,0.5731
Food,Paid,8,1,3,V-0008,1000,Y,0.4419
Food,Paid,8,1,3,V-0009,3000,Y,0.8148
Food,Paid,8,1,3,V-0010,800,Y,0.7258
Technical,Paid,10,5,6,V-0001,5000,Y,0.6535
Technical,Paid,10,5,6,V-0002,10000,Y,0.3238
Technical,Paid,10,5,6,V-0003,2000,Y,0.5767
Technical,Paid,10,5,6,V-0004,500,Y,0.4902
Technical,Paid,10,5,6,V-0005,800,Y,0.8635
Technical,Paid,10,5,6,V-0006,12000,Y,0.2635
Technical,Paid,10,5,6,V-0007,300,Y,0.2105
Technical,Paid,10,5,6,V-0008,1000,Y,0.8827
Technical,Paid,10,5,6,V-0009,3000,Y,0.4458
Technical,Paid,10,5,6,V-0010,800,Y,0.5132
Sports,Free,10,3,6,V-0001,5000,Y,0.2116
Sports,Free,10,3,6,V-0002,10000,Y,1.0
Sports,Free,10,3,6,V-0003,2000,Y,0.5948
Sports,Free,10,3,6,V-0004,500,Y,0.447
Sports,Free,10,3,6,V-0005,800,Y,0.248
Sports,Free,10,3,6,V-0006,12000,Y,1.0
Sports,Free,10,3,6,V-0007,300,Y,0.8485
Sports,Free,10,3,6,V-0008,1000,Y,0.1097
Sports,Free,10,3,6,V-0009,3000,Y,0.3852
Sports,Free,10,3,6,V-0010,800,Y,0.4459
Food,Free,9,0,12,V-0001,5000,Y,0.4507
Food,Free,9,0,12,V-0002,10000,Y,0.5171
Food,Free,9,0,12,V-0003,2000,Y,0.7431
Food,Free,9,0,12,V-0004,500,Y,0.6212
Food,Free,9,0,12,V-0005,800,Y,0.2832
Food,Free,9,0,12,V-0006,12000,Y,0.3116
Food,Free,9,0,12,V-0007,300,Y,0.4094
Food,Free,9,0,12,V-0008,1000,Y,0.3808
Food,Free,9,0,12,V-0009,3000,Y,0.9209
Food,Free,9,0,12,V-0010,800,Y,0.7258
Cultural,Free,11,6,3,V-0001,5000,Y,0.8635
Cultural,Free,11,6,3,V-0002,10000,Y,0.7634
Cultural,Free,11,6,3,V-0003,2000,Y,0.9853
Cultural,Free,11,6,3,V-0004,500,Y,0.8008
Cultural,Free,11,6,3,V-0005,800,Y,0.5073
Cultural,Free,11,6,3,V-0006,12000,Y,0.6899
Cultural,Free,11,6,3,V-0007,300,Y,0.2616
Cultural,Free,11,6,3,V-0008,1000,Y,0.466
Cultural,Free,11,6,3,V-0009,3000,Y,0.9432
Cultural,Free,11,6,3,V-0010,800,Y,0.6758
Cultural,Paid,10,1,6,V-0001,5000,Y,0.9529
Cultural,Paid,10,1,6,V-0002,10000,Y,0.7609
Cultural,Paid,10,1,6,V-0003,2000,Y,0.8992
Cultural,Paid,10,1,6,V-0004,500,Y,0.6433
Cultural,Paid,10,1,6,V-0005,800,Y,0.6415
Cultural,Paid,10,1,6,V-0006,12000,Y,0.6596
Cultural,Paid,10,1,6,V-0007,300,Y,0.2692
Cultural,Paid,10,1,6,V-0008,1000,Y,0.5608
Cultural,Paid,10,1,6,V-0009,3000,Y,0.8122
Cultural,Paid,10,1,6,V-0010,800,Y,0.6451
Cultural,Paid,7,5,6,V-0001,5000,Y,1.0
Cultural,Paid,7,5,6,V-0002,10000,Y,0.6631
Cultural,Paid,7,5,6,V-0003,2000,Y,0.8348
Cultural,Paid,7,5,6,V-0004,500,Y,0.6042
Cultural,Paid,7,5,6,V-0005,800,Y,0.6665
Cultural,Paid,7,5,6,V-0006,12000,Y,0.6751
Cultural,Paid,7,5,6,V-0007,300,Y,0.169
Cultural,Paid,7,5,6,V-0008,1000,Y,0.6002
Cultural,Paid,7,5,6,V-0009,3000,Y,0.6789
Cultural,Paid,7,5,6,V-0010,800,Y,0.6098
Food,Free,5,1,8,V-0001,5000,Y,0.4762
Food,Free,5,1,8,V-0002,10000,Y,0.4478
Food,Free,5,1,8,V-0003,2000,Y,0.7412
Food,Free,5,1,8,V-0004,500,Y,0.585
Food,Free,5,1,8,V-0005,800,Y,0.3478
Food,Free,5,1,8,V-0006,12000,Y,0.4052
Food,Free,5,1,8,V-0007,300,Y,0.4044
Food,Free,5,1,8,V-0008,1000,Y,0.379
Food,Free,5,1,8,V-0009,3000,Y,0.9992
Food,Free,5,1,8,V-0010,800,Y,0.689
Sports,Free,7,1,8,V-0001,5000,Y,0.3184
Sports,Free,7,1,8,V-0002,10000,Y,1.0
Sports,Free,7,1,8,V-0003,2000,Y,0.5553
Sports,Free,7,1,8,V-0004,500,Y,0.2838
Sports,Free,7,1,8,V-0005,800,Y,0.1637
Sports,Free,7,1,8,V-0006,12000,Y,1.0
Sports,Free,7,1,8,V-0007,300,Y,0.6604
Sports,Free,7,1,8,V-0008,1000,Y,0.195
Sports,Free,7,1,8,V-0009,3000,Y,0.4822
Sports,Free,7,1,8,V-0010,800,Y,0.2738
Sports,Free,2,0,4,V-0001,5000,Y,0.1323
Sports,Free,2,0,4,V-0002,10000,Y,1.0
Sports,Free,2,0,4,V-0003,2000,Y,0.5537
Sports,Free,2,0,4,V-0004,500,Y,0.4429
Sports,Free,2,0,4,V-0005,800,Y,0.1595
Sports,Free,2,0,4,V-0006,12000,Y,0.9638
Sports,Free,2,0,4,V-0007,300,Y,0.9629
Sports,Free,2,0,4,V-0008,1000,Y,0.1529
Sports,Free,2,0,4,V-0009,3000,Y,0.4084
Sports,Free,2,0,4,V-0010,800,Y,0.4082
Food,Paid,2,4,3,V-0001,5000,Y,0.3866
Food,Paid,2,4,3,V-0002,10000,Y,0.4968
Food,Paid,2,4,3,V-0003,2000,Y,0.7196
Food,Paid,2,4,3,V-0004,500,Y,0.7199
Food,Paid,2,4,3,V-0005,800,Y,0.4402
Food,Paid,2,4,3,V-0006,12000,Y,0.3691
Food,Paid,2,4,3,V-0007,300,Y,0.5221
Food,Paid,2,4,3,V-0008,1000,Y,0.3978
Food,Paid,2,4,3,V-0009,3000,Y,0.8708
Food,Paid,2,4,3,V-0010,800,Y,0.8578
Sports,Free,6,0,12,V-0001,5000,Y,0.424
Sports,Free,6,0,12,V-0002,10000,Y,1.0
Sports,Free,6,0,12,V-0003,2000,Y,0.4692
Sports,Free,6,0,12,V-0004,500,Y,0.1857
Sports,Free,6,0,12,V-0005,800,Y,0.2029
Sports,Free,6,0,12,V-0006,12000,Y,1.0
Sports,Free,6,0,12,V-0007,300,Y,0.7006
Sports,Free,6,0,12,V-0008,1000,Y,0.199
Sports,Free,6,0,12,V-0009,3000,Y,0.4879
Sports,Free,6,0,12,V-0010,800,Y,0.2242
Sports,Free,8,6,6,V-0001,5000,Y,0.2271
Sports,Free,8,6,6,V-0002,10000,Y,0.8781
Sports,Free,8,6,6,V-0003,2000,Y,0.4787
Sports,Free,8,6,6,V-0004,500,Y,0.3583
Sports,Free,8,6,6,V-0005,800,Y,0.2215
Sports,Free,8,6,6,V-0006,12000,Y,0.9543
Sports,Free,8,6,6,V-0007,300,Y,0.8398
Sports,Free,8,6,6,V-0008,1000,Y,0.2602
Sports,Free,8,6,6,V-0009,3000,Y,0.274
Sports,Free,8,6,6,V-0010,800,Y,0.4237
Sports,Paid,11,4,1,V-0001,5000,Y,0.3498
Sports,Paid,11,4,1,V-0002,10000,Y,0.7971
Sports,Paid,11,4,1,V-0003,2000,Y,0.4663
Sports,Paid,11,4,1,V-0004,500,Y,0.3651
Sports,Paid,11,4,1,V-0005,800,Y,0.2437
Sports,Paid,11,4,1,V-0006,12000,Y,0.8989
Sports,Paid,11,4,1,V-0007,300,Y,0.8856
Sports,Paid,11,4,1,V-0008,1000,Y,0.3201
Sports,Paid,11,4,1,V-0009,3000,Y,0.4174
Sports,Paid,11,4,1,V-0010,800,Y,0.4309
Food,Free,11,0,24,V-0001,5000,Y,0.4289
Food,Free,11,0,24,V-0002,10000,Y,0.4848
Food,Free,11,0,24,V-0003,2000,Y,0.789
Food,Free,11,0,24,V-0004,500,Y,0.7296
Food,Free,11,0,24,V-0005,800,Y,0.1511
Food,Free,11,0,24,V-0006,12000,Y,0.5085
Food,Free,11,0,24,V-0007,300,Y,0.4704
Food,Free,11,0,24,V-0008,1000,Y,0.285
Food,Free,11,0,24,V-0009,3000,Y,1.0
Food,Free,11,0,24,V-0010,800,Y,0.7778
Technical,Free,2,5,6,V-0001,5000,Y,0.5356
Technical,Free,2,5,6,V-0002,10000,Y,0.3764
Technical,Free,2,5,6,V-0003,2000,Y,0.5668
Technical,Free,2,5,6,V-0004,500,Y,0.5846
Technical,Free,2,5,6,V-0005,800,Y,0.7737
Technical,Free,2,5,6,V-0006,12000,Y,0.2676
Technical,Free,2,5,6,V-0007,300,Y,0.243
Technical,Free,2,5,6,V-0008,1000,Y,0.75
Technical,Free,2,5,6,V-0009,3000,Y,0.547
Technical,Free,2,5,6,V-0010,800,Y,0.6026
Sports,Free,4,5,4,V-0001,5000,Y,0.2291
Sports,Free,4,5,4,V-0002,10000,Y,0.942
Sports,Free,4,5,4,V-0003,2000,Y,0.4518
Sports,Free,4,5,4,V-0004,500,Y,0.3237
Sports,Free,4,5,4,V-0005,800,Y,0.1877
Sports,Free,4,5,4,V-0006,12000,Y,0.9742
Sports,Free,4,5,4,V-0007,300,Y,0.7988
Sports,Free,4,5,4,V-0008,1000,Y,0.2702
Sports,Free,4,5,4,V-0009,3000,Y,0.2967
Sports,Free,4,5,4,V-0010,800,Y,0.4479
Sports,Free,5,6,2,V-0001,5000,Y,0.2584
Sports,Free,5,6,2,V-0002,10000,Y,0.7961
Sports,Free,5,6,2,V-0003,2000,Y,0.4582
Sports,Free,5,6,2,V-0004,500,Y,0.396
Sports,Free,5,6,2,V-0005,800,Y,0.2485
Sports,Free,5,6,2,V-0006,12000,Y,0.8941
Sports,Free,5,6,2,V-0007,300,Y,0.8546
Sports,Free,5,6,2,V-0008,1000,Y,0.206
Sports,Free,5,6,2,V-0009,3000,Y,0.3655
Sports,Free,5,6,2,V-0010,800,Y,0.3777
Ceremony,Paid,1,0,4,V-0001,5000,Y,1.0
Ceremony,Paid,1,0,4,V-0002,10000,Y,0.4116
Ceremony,Paid,1,0,4,V-0003,2000,Y,0.4761
Ceremony,Paid,1,0,4,V-0004,500,Y,0.5597
Ceremony,Paid,1,0,4,V-0005,800,Y,0.9568
Ceremony,Paid,1,0,4,V-0006,12000,Y,0.4226
Ceremony,Paid,1,0,4,V-0007,300,Y,0.2807
Ceremony,Paid,1,0,4,V-0008,1000,Y,0.9139
Ceremony,Paid,1,0,4,V-0009,3000,Y,0.5584
Ceremony,Paid,1,0,4,V-0010,800,Y,0.4989
Technical,Paid,5,1,8,V-0001,5000,Y,0.8078
Technical,Paid,5,1,8,V-0002,10000,Y,0.3109
Technical,Paid,5,1,8,V-0003,2000,Y,0.4663
Technical,Paid,5,1,8,V-0004,500,Y,0.1819
Technical,Paid,5,1,8,V-0005,800,Y,0.7912
Technical,Paid,5,1,8,V-0006,12000,Y,0.3189
Technical,Paid,5,1,8,V-0007,300,Y,0.0102
Technical,Paid,5,1,8,V-0008,1000,Y,0.9893
Technical,Paid,5,1,8,V-0009,3000,Y,0.5166
Technical,Paid,5,1,8,V-0010,800,Y,0.3406
Food,Paid,9,0,2,V-0001,5000,Y,0.3764
Food,Paid,9,0,2,V-0002,10000,Y,0.1988
Food,Paid,9,0,2,V-0003,2000,Y,0.625
Food,Paid,9,0,2,V-0004,500,Y,0.701
Food,Paid,9,0,2,V-0005,800,Y,0.5207
Food,Paid,9,0,2,V-0006,12000,Y,0.171
Food,Paid,9,0,2,V-0007,300,Y,0.5575
Food,Paid,9,0,2,V-0008,1000,Y,0.4198
Food,Paid,9,0,2,V-0009,3000,Y,0.7755
Food,Paid,9,0,2,V-0010,800,Y,0.6937
Technical,Free,6,4,6,V-0001,5000,Y,0.5631
Technical,Free,6,4,6,V-0002,10000,Y,0.1959
Technical,Free,6,4,6,V-0003,2000,Y,0.491
Technical,Free,6,4,6,V-0004,500,Y,0.5221
Technical,Free,6,4,6,V-0005,800,Y,0.762
Technical,Free,6,4,6,V-0006,12000,Y,0.3053
Technical,Free,6,4,6,V-0007,300,Y,0.1697
Technical,Free,6,4,6,V-0008,1000,Y,0.8574
Technical,Free,6,4,6,V-0009,3000,Y,0.3957
Technical,Free,6,4,6,V-0010,800,Y,0.558
Ceremony,Free,5,2,12,V-0001,5000,Y,1.0
Ceremony,Free,5,2,12,V-0002,10000,Y,0.5049
Ceremony,Free,5,2,12,V-0003,2000,Y,0.6324
Ceremony,Free,5,2,12,V-0004,500,Y,0.3762
Ceremony,Free,5,2,12,V-0005,800,Y,0.796
Ceremony,Free,5,2,12,V-0006,12000,Y,0.4219
Ceremony,Free,5,2,12,V-0007,300,Y,0.0486
Ceremony,Free,5,2,12,V-0008,1000,Y,0.9208
Ceremony,Free,5,2,12,V-0009,3000,Y,0.6549
Ceremony,Free,5,2,12,V-0010,800,Y,0.4525
Cultural,Paid,4,5,3,V-0001,5000,Y,1.0
Cultural,Paid,4,5,3,V-0002,10000,Y,0.6775
Cultural,Paid,4,5,3,V-0003,2000,Y,0.8253
Cultural,Paid,4,5,3,V-0004,500,Y,0.5889
Cultural,Paid,4,5,3,V-0005,800,Y,0.6749
Cultural,Paid,4,5,3,V-0006,12000,Y,0.5372
Cultural,Paid,4,5,3,V-0007,300,Y,0.1709
Cultural,Paid,4,5,3,V-0008,1000,Y,0.6401
Cultural,Paid,4,5,3,V-0009,3000,Y,0.747
Cultural,Paid,4,5,3,V-0010,800,Y,0.5748
Cultural,Free,9,6,4,V-0001,5000,Y,0.9071
Cultural,Free,9,6,4,V-0002,10000,Y,0.6466
Cultural,Free,9,6,4,V-0003,2000,Y,0.8952
Cultural,Free,9,6,4,V-0004,500,Y,0.6544
Cultural,Free,9,6,4,V-0005,800,Y,0.5724
Cultural,Free,9,6,4,V-0006,12000,Y,0.6432
Cultural,Free,9,6,4,V-0007,300,Y,0.2334
Cultural,Free,9,6,4,V-0008,1000,Y,0.5684
Cultural,Free,9,6,4,V-0009,3000,Y,0.8272
Cultural,Free,9,6,4,V-0010,800,Y,0.5636
Food,Paid,4,6,3,V-0001,5000,Y,0.4672
Food,Paid,4,6,3,V-0002,10000,Y,0.3583
Food,Paid,4,6,3,V-0003,2000,Y,0.6609
Food,Paid,4,6,3,V-0004,500,Y,0.6489
Food,Paid,4,6,3,V-0005,800,Y,0.4568
Food,Paid,4,6,3,V-0006,12000,Y,0.3421
Food,Paid,4,6,3,V-0007,300,Y,0.5484
Food,Paid,4,6,3,V-0008,1000,Y,0.4773
Food,Paid,4,6,3,V-0009,3000,Y,0.8011
Food,Paid,4,6,3,V-0010,800,Y,0.7512
Technical,Paid,1,1,8,V-0001,5000,Y,0.7875
Technical,Paid,1,1,8,V-0002,10000,Y,0.4094
Technical,Paid,1,1,8,V-0003,2000,Y,0.5338
Technical,Paid,1,1,8,V-0004,500,Y,0.3115
Technical,Paid,1,1,8,V-0005,800,Y,0.6826
Technical,Paid,1,1,8,V-0006,12000,Y,0.3676
Technical,Paid,1,1,8,V-0007,300,Y,0.0889
Technical,Paid,1,1,8,V-0008,1000,Y,0.8809
Technical,Paid,1,1,8,V-0009,3000,Y,0.5802
Technical,Paid,1,1,8,V-0010,800,Y,0.3442
Sports,Paid,7,6,8,V-0001,5000,Y,0.4425
Sports,Paid,7,6,8,V-0002,10000,Y,0.9824
Sports,Paid,7,6,8,V-0003,2000,Y,0.4579
Sports,Paid,7,6,8,V-0004,500,Y,0.1579
Sports,Paid,7,6,8,V-0005,800,Y,0.2413
Sports,Paid,7,6,8,V-0006,12000,Y,0.9906
Sports,Paid,7,6,8,V-0007,300,Y,0.7107
Sports,Paid,7,6,8,V-0008,1000,Y,0.3356
Sports,Paid,7,6,8,V-0009,3000,Y,0.4033
Sports,Paid,7,6,8,V-0010,800,Y,0.1926
Technical,Free,12,0,4,V-0001,5000,Y,0.5293
Technical,Free,12,0,4,V-0002,10000,Y,0.3864
Technical,Free,12,0,4,V-0003,2000,Y,0.702
Technical,Free,12,0,4,V-0004,500,Y,0.5455
Technical,Free,12,0,4,V-0005,800,Y,0.7322
Technical,Free,12,0,4,V-0006,12000,Y,0.3381
Technical,Free,12,0,4,V-0007,300,Y,0.2932
Technical,Free,12,0,4,V-0008,1000,Y,0.7791
Technical,Free,12,0,4,V-0009,3000,Y,0.4932
Technical,Free,12,0,4,V-0010,800,Y,0.5987
Cultural,Paid,4,1,12,V-0001,5000,Y,1.0
Cultural,Paid,4,1,12,V-0002,10000,Y,0.7633
Cultural,Paid,4,1,12,V-0003,2000,Y,0.7598
Cultural,Paid,4,1,12,V-0004,500,Y,0.3693
Cultural,Paid,4,1,12,V-0005,800,Y,0.4986
Cultural,Paid,4,1,12,V-0006,12000,Y,0.7094
Cultural,Paid,4,1,12,V-0007,300,Y,0.112
Cultural,Paid,4,1,12,V-0008,1000,Y,0.6101
Cultural,Paid,4,1,12,V-0009,3000,Y,0.8894
Cultural,Paid,4,1,12,V-0010,800,Y,0.3914
Ceremony,Free,4,1,1,V-0001,5000,Y,0.948
Ceremony,Free,4,1,1,V-0002,10000,Y,0.327
Ceremony,Free,4,1,1,V-0003,2000,Y,0.4851
Ceremony,Free,4,1,1,V-0004,500,Y,0.5453
Ceremony,Free,4,1,1,V-0005,800,Y,0.9067
Ceremony,Free,4,1,1,V-0006,12000,Y,0.2697
Ceremony,Free,4,1,1,V-0007,300,Y,0.2116
Ceremony,Free,4,1,1,V-0008,1000,Y,0.9482
Ceremony,Free,4,1,1,V-0009,3000,Y,0.5545
Ceremony,Free,4,1,1,V-0010,800,Y,0.5088
Technical,Free,5,6,2,V-0001,5000,Y,0.5751
Technical,Free,5,6,2,V-0002,10000,Y,0.1278
Technical,Free,5,6,2,V-0003,2000,Y,0.5045
Technical,Free,5,6,2,V-0004,500,Y,0.5276
Technical,Free,5,6,2,V-0005,800,Y,0.8568
Technical,Free,5,6,2,V-0006,12000,Y,0.0772
Technical,Free,5,6,2,V-0007,300,Y,0.1167
Technical,Free,5,6,2,V-0008,1000,Y,0.8689
Technical,Free,5,6,2,V-0009,3000,Y,0.4079
Technical,Free,5,6,2,V-0010,800,Y,0.5553
Sports,Free,9,3,8,V-0001,5000,Y,0.3581
Sports,Free,9,3,8,V-0002,10000,Y,0.9394
Sports,Free,9,3,8,V-0003,2000,Y,0.5419
Sports,Free,9,3,8,V-0004,500,Y,0.3018
Sports,Free,9,3,8,V-0005,800,Y,0.0755
Sports,Free,9,3,8,V-0006,12000,Y,1.0
Sports,Free,9,3,8,V-0007,300,Y,0.7114
Sports,Free,9,3,8,V-0008,1000,Y,0.2134
Sports,Free,9,3,8,V-0009,3000,Y,0.5063
Sports,Free,9,3,8,V-0010,800,Y,0.3104
Food,Free,1,0,12,V-0001,5000,Y,0.3929
Food,Free,1,0,12,V-0002,10000,Y,0.4981
Food,Free,1,0,12,V-0003,2000,Y,0.7548
Food,Free,1,0,12,V-0004,500,Y,0.6808
Food,Free,1,0,12,V-0005,800,Y,0.1987
Food,Free,1,0,12,V-0006,12000,Y,0.5518
Food,Free,1,0,12,V-0007,300,Y,0.4593
Food,Free,1,0,12,V-0008,1000,Y,0.309
Food,Free,1,0,12,V-0009,3000,Y,1.0
Food,Free,1,0,12,V-0010,800,Y,0.8075
Sports,Free,5,0,2,V-0001,5000,Y,0.3511
Sports,Free,5,0,2,V-0002,10000,Y,0.7788
Sports,Free,5,0,2,V-0003,2000,Y,0.4604
Sports,Free,5,0,2,V-0004,500,Y,0.4218
Sports,Free,5,0,2,V-0005,800,Y,0.2773
Sports,Free,5,0,2,V-0006,12000,Y,0.9239
Sports,Free,5,0,2,V-0007,300,Y,0.8734
Sports,Free,5,0,2,V-0008,1000,Y,0.1856
Sports,Free,5,0,2,V-0009,3000,Y,0.4036
Sports,Free,5,0,2,V-0010,800,Y,0.4243
Ceremony,Free,6,3,6,V-0001,5000,Y,0.9828
Ceremony,Free,6,3,6,V-0002,10000,Y,0.4203
Ceremony,Free,6,3,6,V-0003,2000,Y,0.5727
Ceremony,Free,6,3,6,V-0004,500,Y,0.5768
Ceremony,Free,6,3,6,V-0005,800,Y,0.9553
Ceremony,Free,6,3,6,V-0006,12000,Y,0.3759
Ceremony,Free,6,3,6,V-0007,300,Y,0.1933
Ceremony,Free,6,3,6,V-0008,1000,Y,0.8559
Ceremony,Free,6,3,6,V-0009,3000,Y,0.6283
Ceremony,Free,6,3,6,V-0010,800,Y,0.4973
Food,Free,10,1,3,V-0001,5000,Y,0.3147
Food,Free,10,1,3,V-0002,10000,Y,0.4143
Food,Free,10,1,3,V-0003,2000,Y,0.8111
Food,Free,10,1,3,V-0004,500,Y,0.9111
Food,Free,10,1,3,V-0005,800,Y,0.3576
Food,Free,10,1,3,V-0006,12000,Y,0.3819
Food,Free,10,1,3,V-0007,300,Y,0.5756
Food,Free,10,1,3,V-0008,1000,Y,0.3299
Food,Free,10,1,3,V-0009,3000,Y,0.9858
Food,Free,10,1,3,V-0010,800,Y,0.9965
Ceremony,Free,9,5,8,V-0001,5000,Y,1.0
Ceremony,Free,9,5,8,V-0002,10000,Y,0.5088
Ceremony,Free,9,5,8,V-0003,2000,Y,0.54
Ceremony,Free,9,5,8,V-0004,500,Y,0.4431
Ceremony,Free,9,5,8,V-0005,800,Y,0.7462
Ceremony,Free,9,5,8,V-0006,12000,Y,0.4612
Ceremony,Free,9,5,8,V-0007,300,Y,0.0743
Ceremony,Free,9,5,8,V-0008,1000,Y,0.8575
Ceremony,Free,9,5,8,V-0009,3000,Y,0.6621
Ceremony,Free,9,5,8,V-0010,800,Y,0.3878
Technical,Free,2,5,24,V-0001,5000,Y,0.6929
Technical,Free,2,5,24,V-0002,10000,Y,0.3889
Technical,Free,2,5,24,V-0003,2000,Y,0.6153
Technical,Free,2,5,24,V-0004,500,Y,0.382
Technical,Free,2,5,24,V-0005,800,Y,0.6478
Technical,Free,2,5,24,V-0006,12000,Y,0.3191
Technical,Free,2,5,24,V-0007,300,Y,0.0576
Technical,Free,2,5,24,V-0008,1000,Y,0.8151
Technical,Free,2,5,24,V-0009,3000,Y,0.6726
Technical,Free,2,5,24,V-0010,800,Y,0.4574
Food,Free,2,5,24,V-0001,5000,Y,0.3778
Food,Free,2,5,24,V-0002,10000,Y,0.6052
Food,Free,2,5,24,V-0003,2000,Y,0.7521
Food,Free,2,5,24,V-0004,500,Y,0.622
Food,Free,2,5,24,V-0005,800,Y,0.2176
Food,Free,2,5,24,V-0006,12000,Y,0.4599
Food,Free,2,5,24,V-0007,300,Y,0.4392
Food,Free,2,5,24,V-0008,1000,Y,0.3283
Food,Free,2,5,24,V-0009,3000,Y,1.0
Food,Free,2,5,24,V-0010,800,Y,0.7374
Food,Free,7,2,4,V-0001,5000,Y,0.2988
Food,Free,7,2,4,V-0002,10000,Y,0.3849
Food,Free,7,2,4,V-0003,2000,Y,0.756
Food,Free,7,2,4,V-0004,500,Y,0.776
Food,Free,7,2,4,V-0005,800,Y,0.4739
Food,Free,7,2,4,V-0006,12000,Y,0.2572
Food,Free,7,2,4,V-0007,300,Y,0.489
Food,Free,7,2,4,V-0008,1000,Y,0.3223
Food,Free,7,2,4,V-0009,3000,Y,0.8782
Food,Free,7,2,4,V-0010,800,Y,0.8397
Sports,Free,4,3,8,V-0001,5000,Y,0.3404
Sports,Free,4,3,8,V-0002,10000,Y,1.0
Sports,Free,4,3,8,V-0003,2000,Y,0.4299
Sports,Free,4,3,8,V-0004,500,Y,0.2878
Sports,Free,4,3,8,V-0005,800,Y,0.0967
Sports,Free,4,3,8,V-0006,12000,Y,1.0
Sports,Free,4,3,8,V-0007,300,Y,0.7137
Sports,Free,4,3,8,V-0008,1000,Y,0.2183
Sports,Free,4,3,8,V-0009,3000,Y,0.5028
Sports,Free,4,3,8,V-0010,800,Y,0.2479
Ceremony,Paid,3,4,6,V-0001,5000,Y,1.0
Ceremony,Paid,3,4,6,V-0002,10000,Y,0.4532
Ceremony,Paid,3,4,6,V-0003,2000,Y,0.4579
Ceremony,Paid,3,4,6,V-0004,500,Y,0.4784
Ceremony,Paid,3,4,6,V-0005,800,Y,0.9964
Ceremony,Paid,3,4,6,V-0006,12000,Y,0.4076
Ceremony,Paid,3,4,6,V-0007,300,Y,0.1729
Ceremony,Paid,3,4,6,V-0008,1000,Y,1.0
Ceremony,Paid,3,4,6,V-0009,3000,Y,0.4984
Ceremony,Paid,3,4,6,V-0010,800,Y,0.3928
Ceremony,Free,1,2,4,V-0001,5000,Y,0.9051
Ceremony,Free,1,2,4,V-0002,10000,Y,0.4528
Ceremony,Free,1,2,4,V-0003,2000,Y,0.6436
Ceremony,Free,1,2,4,V-0004,500,Y,0.5839
Ceremony,Free,1,2,4,V-0005,800,Y,0.8322
Ceremony,Free,1,2,4,V-0006,12000,Y,0.3544
Ceremony,Free,1,2,4,V-0007,300,Y,0.2619
Ceremony,Free,1,2,4,V-0008,1000,Y,0.703
Ceremony,Free,1,2,4,V-0009,3000,Y,0.5966
Ceremony,Free,1,2,4,V-0010,800,Y,0.6404
Ceremony,Paid,10,5,4,V-0001,5000,Y,1.0
Ceremony,Paid,10,5,4,V-0002,10000,Y,0.497
Ceremony,Paid,10,5,4,V-0003,2000,Y,0.4913
Ceremony,Paid,10,5,4,V-0004,500,Y,0.5281
Ceremony,Paid,10,5,4,V-0005,800,Y,0.9499
Ceremony,Paid,10,5,4,V-0006,12000,Y,0.3837
Ceremony,Paid,10,5,4,V-0007,300,Y,0.3401
Ceremony,Paid,10,5,4,V-0008,1000,Y,0.9351
Ceremony,Paid,10,5,4,V-0009,3000,Y,0.5712
Ceremony,Paid,10,5,4,V-0010,800,Y,0.5311
Ceremony,Free,4,4,4,V-0001,5000,Y,0.9583
Ceremony,Free,4,4,4,V-0002,10000,Y,0.3183
Ceremony,Free,4,4,4,V-0003,2000,Y,0.5201
Ceremony,Free,4,4,4,V-0004,500,Y,0.5027
Ceremony,Free,4,4,4,V-0005,800,Y,0.8599
Ceremony,Free,4,4,4,V-0006,12000,Y,0.3388
Ceremony,Free,4,4,4,V-0007,300,Y,0.2719
Ceremony,Free,4,4,4,V-0008,1000,Y,0.8756
Ceremony,Free,4,4,4,V-0009,3000,Y,0.5572
Ceremony,Free,4,4,4,V-0010,800,Y,0.5529
Technical,Paid,5,4,8,V-0001,5000,Y,0.856
Technical,Paid,5,4,8,V-0002,10000,Y,0.387
Technical,Paid,5,4,8,V-0003,2000,Y,0.4524
Technical,Paid,5,4,8,V-0004,500,Y,0.2241
Technical,Paid,5,4,8,V-0005,800,Y,0.7779
Technical,Paid,5,4,8,V-0006,12000,Y,0.3157
Technical,Paid,5,4,8,V-0007,300,Y,0.0358
Technical,Paid,5,4,8,V-0008,1000,Y,0.9754
Technical,Paid,5,4,8,V-0009,3000,Y,0.492
Technical,Paid,5,4,8,V-0010,800,Y,0.2786
Food,Free,4,5,4,V-0001,5000,Y,0.4027
Food,Free,4,5,4,V-0002,10000,Y,0.3579
Food,Free,4,5,4,V-0003,2000,Y,0.813
Food,Free,4,5,4,V-0004,500,Y,0.7524
Food,Free,4,5,4,V-0005,800,Y,0.4694
Food,Free,4,5,4,V-0006,12000,Y,0.3079
Food,Free,4,5,4,V-0007,300,Y,0.5239
Food,Free,4,5,4,V-0008,1000,Y,0.3306
Food,Free,4,5,4,V-0009,3000,Y,0.8672
Food,Free,4,5,4,V-0010,800,Y,0.847
Technical,Free,1,1,72,V-0001,5000,Y,0.6709
Technical,Free,1,1,72,V-0002,10000,Y,0.4071
Technical,Free,1,1,72,V-0003,2000,Y,0.609
Technical,Free,1,1,72,V-0004,500,Y,0.4957
Technical,Free,1,1,72,V-0005,800,Y,0.6691
Technical,Free,1,1,72,V-0006,12000,Y,0.3975
Technical,Free,1,1,72,V-0007,300,Y,0.0815
Technical,Free,1,1,72,V-0008,1000,Y,0.8048
Technical,Free,1,1,72,V-0009,3000,Y,0.6345
Technical,Free,1,1,72,V-0010,800,Y,0.4191
Food,Paid,2,3,4,V-0001,5000,Y,0.3897
Food,Paid,2,3,4,V-0002,10000,Y,0.3633
Food,Paid,2,3,4,V-0003,2000,Y,0.746
Food,Paid,2,3,4,V-0004,500,Y,0.8059
Food,Paid,2,3,4,V-0005,800,Y,0.4307
Food,Paid,2,3,4,V-0006,12000,Y,0.443
Food,Paid,2,3,4,V-0007,300,Y,0.581
Food,Paid,2,3,4,V-0008,1000,Y,0.3414
Food,Paid,2,3,4,V-0009,3000,Y,0.889
Food,Paid,2,3,4,V-0010,800,Y,0.8719
Food,Free,12,3,6,V-0001,5000,Y,0.3674
Food,Free,12,3,6,V-0002,10000,Y,0.4116
Food,Free,12,3,6,V-0003,2000,Y,0.8531
Food,Free,12,3,6,V-0004,500,Y,0.8585
Food,Free,12,3,6,V-0005,800,Y,0.3431
Food,Free,12,3,6,V-0006,12000,Y,0.4153
Food,Free,12,3,6,V-0007,300,Y,0.6561
Food,Free,12,3,6,V-0008,1000,Y,0.2369
Food,Free,12,3,6,V-0009,3000,Y,1.0
Food,Free,12,3,6,V-0010,800,Y,0.9652
Technical,Free,12,0,12,V-0001,5000,Y,0.625
Technical,Free,12,0,12,V-0002,10000,Y,0.4458
Technical,Free,12,0,12,V-0003,2000,Y,0.6298
Technical,Free,12,0,12,V-0004,500,Y,0.4204
Technical,Free,12,0,12,V-0005,800,Y,0.578
Technical,Free,12,0,12,V-0006,12000,Y,0.3531
Technical,Free,12,0,12,V-0007,300,Y,0.079
Technical,Free,12,0,12,V-0008,1000,Y,0.8469
Technical,Free,12,0,12,V-0009,3000,Y,0.6317
Technical,Free,12,0,12,V-0010,800,Y,0.4452
Cultural,Paid,4,1,12,V-0001,5000,Y,1.0
Cultural,Paid,4,1,12,V-0002,10000,Y,0.6861
Cultural,Paid,4,1,12,V-0003,2000,Y,0.846
Cultural,Paid,4,1,12,V-0004,500,Y,0.3304
Cultural,Paid,4,1,12,V-0005,800,Y,0.4855
Cultural,Paid,4,1,12,V-0006,12000,Y,0.6552
Cultural,Paid,4,1,12,V-0007,300,Y,0.0
Cultural,Paid,4,1,12,V-0008,1000,Y,0.6964
Cultural,Paid,4,1,12,V-0009,3000,Y,0.8313
Cultural,Paid,4,1,12,V-0010,800,Y,0.4139
Food,Free,9,1,24,V-0001,5000,Y,0.4481
Food,Free,9,1,24,V-0002,10000,Y,0.4691
Food,Free,9,1,24,V-0003,2000,Y,0.7331
Food,Free,9,1,24,V-0004,500,Y,0.5787
Food,Free,9,1,24,V-0005,800,Y,0.2899
Food,Free,9,1,24,V-0006,12000,Y,0.3802
Food,Free,9,1,24,V-0007,300,Y,0.3377
Food,Free,9,1,24,V-0008,1000,Y,0.3329
Food,Free,9,1,24,V-0009,3000,Y,1.0
Food,Free,9,1,24,V-0010,800,Y,0.714
Cultural,Free,8,5,6,V-0001,5000,Y,0.8861
Cultural,Free,8,5,6,V-0002,10000,Y,0.686
Cultural,Free,8,5,6,V-0003,2000,Y,0.8671
Cultural,Free,8,5,6,V-0004,500,Y,0.7131
Cultural,Free,8,5,6,V-0005,800,Y,0.5653
Cultural,Free,8,5,6,V-0006,12000,Y,0.6172
Cultural,Free,8,5,6,V-0007,300,Y,0.2412
Cultural,Free,8,5,6,V-0008,1000,Y,0.5596
Cultural,Free,8,5,6,V-0009,3000,Y,0.8196
Cultural,Free,8,5,6,V-0010,800,Y,0.6221
Food,Free,8,4,12,V-0001,5000,Y,0.4471
Food,Free,8,4,12,V-0002,10000,Y,0.4485
Food,Free,8,4,12,V-0003,2000,Y,0.7591
Food,Free,8,4,12,V-0004,500,Y,0.6321
Food,Free,8,4,12,V-0005,800,Y,0.2793
Food,Free,8,4,12,V-0006,12000,Y,0.3968
Food,Free,8,4,12,V-0007,300,Y,0.4031
Food,Free,8,4,12,V-0008,1000,Y,0.2701
Food,Free,8,4,12,V-0009,3000,Y,1.0
Food,Free,8,4,12,V-0010,800,Y,0.6939
Food,Free,9,3,12,V-0001,5000,Y,0.4899
Food,Free,9,3,12,V-0002,10000,Y,0.3341
Food,Free,9,3,12,V-0003,2000,Y,0.8135
Food,Free,9,3,12,V-0004,500,Y,0.6244
Food,Free,9,3,12,V-0005,800,Y,0.2943
Food,Free,9,3,12,V-0006,12000,Y,0.3584
Food,Free,9,3,12,V-0007,300,Y,0.4245
Food,Free,9,3,12,V-0008,1000,Y,0.3079
Food,Free,9,3,12,V-0009,3000,Y,0.955
Food,Free,9,3,12,V-0010,800,Y,0.7566
Ceremony,Free,4,6,6,V-0001,5000,Y,0.9424
Ceremony,Free,4,6,6,V-0002,10000,Y,0.4087
Ceremony,Free,4,6,6,V-0003,2000,Y,0.5648
Ceremony,Free,4,6,6,V-0004,500,Y,0.5498
Ceremony,Free,4,6,6,V-0005,800,Y,0.906
Ceremony,Free,4,6,6,V-0006,12000,Y,0.3646
Ceremony,Free,4,6,6,V-0007,300,Y,0.2961
Ceremony,Free,4,6,6,V-0008,1000,Y,0.8477
Ceremony,Free,4,6,6,V-0009,3000,Y,0.588
Ceremony,Free,4,6,6,V-0010,800,Y,0.572
Food,Free,4,2,4,V-0001,5000,Y,0.3942
Food,Free,4,2,4,V-0002,10000,Y,0.3975
Food,Free,4,2,4,V-0003,2000,Y,0.7555
Food,Free,4,2,4,V-0004,500,Y,0.7343
Food,Free,4,2,4,V-0005,800,Y,0.4653
Food,Free,4,2,4,V-0006,12000,Y,0.2541
Food,Free,4,2,4,V-0007,300,Y,0.5621
Food,Free,4,2,4,V-0008,1000,Y,0.3198
Food,Free,4,2,4,V-0009,3000,Y,0.8774
Food,Free,4,2,4,V-0010,800,Y,0.8432
Sports,Free,6,2,12,V-0001,5000,Y,0.3629
Sports,Free,6,2,12,V-0002,10000,Y,1.0
Sports,Free,6,2,12,V-0003,2000,Y,0.5445
Sports,Free,6,2,12,V-0004,500,Y,0.2481
Sports,Free,6,2,12,V-0005,800,Y,0.0902
Sports,Free,6,2,12,V-0006,12000,Y,1.0
Sports,Free,6,2,12,V-0007,300,Y,0.7476
Sports,Free,6,2,12,V-0008,1000,Y,0.1509
Sports,Free,6,2,12,V-0009,3000,Y,0.5039
Sports,Free,6,2,12,V-0010,800,Y,0.258
Cultural,Free,4,3,8,V-0001,5000,Y,0.9881
Cultural,Free,4,3,8,V-0002,10000,Y,0.855
Cultural,Free,4,3,8,V-0003,2000,Y,0.874
Cultural,Free,4,3,8,V-0004,500,Y,0.485
Cultural,Free,4,3,8,V-0005,800,Y,0.3931
Cultural,Free,4,3,8,V-0006,12000,Y,0.7006
Cultural,Free,4,3,8,V-0007,300,Y,0.0061
Cultural,Free,4,3,8,V-0008,1000,Y,0.4924
Cultural,Free,4,3,8,V-0009,3000,Y,0.9938
Cultural,Free,4,3,8,V-0010,800,Y,0.4461
Technical,Free,7,2,6,V-0001,5000,Y,0.5603
Technical,Free,7,2,6,V-0002,10000,Y,0.1639
Technical,Free,7,2,6,V-0003,2000,Y,0.5044
Technical,Free,7,2,6,V-0004,500,Y,0.4271
Technical,Free,7,2,6,V-0005,800,Y,0.8657
Technical,Free,7,2,6,V-0006,12000,Y,0.2404
Technical,Free,7,2,6,V-0007,300,Y,0.1225
Technical,Free,7,2,6,V-0008,1000,Y,0.9401
Technical,Free,7,2,6,V-0009,3000,Y,0.4693
Technical,Free,7,2,6,V-0010,800,Y,0.517
Ceremony,Free,7,3,24,V-0001,5000,Y,0.95
Ceremony,Free,7,3,24,V-0002,10000,Y,0.5916
Ceremony,Free,7,3,24,V-0003,2000,Y,0.4744
Ceremony,Free,7,3,24,V-0004,500,Y,0.3142
Ceremony,Free,7,3,24,V-0005,800,Y,0.7909
Ceremony,Free,7,3,24,V-0006,12000,Y,0.5476
Ceremony,Free,7,3,24,V-0007,300,Y,0.1054
Ceremony,Free,7,3,24,V-0008,1000,Y,0.8726
Ceremony,Free,7,3,24,V-0009,3000,Y,0.7038
Ceremony,Free,7,3,24,V-0010,800,Y,0.4141
Food,Paid,1,6,12,V-0001,5000,Y,0.5304
Food,Paid,1,6,12,V-0002,10000,Y,0.5412
Food,Paid,1,6,12,V-0003,2000,Y,0.7342
Food,Paid,1,6,12,V-0004,500,Y,0.6275
Food,Paid,1,6,12,V-0005,800,Y,0.2698
Food,Paid,1,6,12,V-0006,12000,Y,0.4688
Food,Paid,1,6,12,V-0007,300,Y,0.4123
Food,Paid,1,6,12,V-0008,1000,Y,0.3961
Food,Paid,1,6,12,V-0009,3000,Y,0.9405
Food,Paid,1,6,12,V-0010,800,Y,0.6359
Food,Free,1,2,4,V-0001,5000,Y,0.3072
Food,Free,1,2,4,V-0002,10000,Y,0.4857
Food,Free,1,2,4,V-0003,2000,Y,0.8467
Food,Free,1,2,4,V-0004,500,Y,0.7972
Food,Free,1,2,4,V-0005,800,Y,0.3104
Food,Free,1,2,4,V-0006,12000,Y,0.4176
Food,Free,1,2,4,V-0007,300,Y,0.5907
Food,Free,1,2,4,V-0008,1000,Y,0.291
Food,Free,1,2,4,V-0009,3000,Y,0.982
Food,Free,1,2,4,V-0010,800,Y,0.8713
Ceremony,Paid,7,4,8,V-0001,5000,Y,1.0
Ceremony,Paid,7,4,8,V-0002,10000,Y,0.4466
Ceremony,Paid,7,4,8,V-0003,2000,Y,0.4259
Ceremony,Paid,7,4,8,V-0004,500,Y,0.3128
Ceremony,Paid,7,4,8,V-0005,800,Y,0.7863
Ceremony,Paid,7,4,8,V-0006,12000,Y,0.4676
Ceremony,Paid,7,4,8,V-0007,300,Y,0.0492
Ceremony,Paid,7,4,8,V-0008,1000,Y,0.9721
Ceremony,Paid,7,4,8,V-0009,3000,Y,0.609
Ceremony,Paid,7,4,8,V-0010,800,Y,0.3546
Food,Paid,4,3,3,V-0001,5000,Y,0.455
Food,Paid,4,3,3,V-0002,10000,Y,0.3328
Food,Paid,4,3,3,V-0003,2000,Y,0.6549
Food,Paid,4,3,3,V-0004,500,Y,0.7217
Food,Paid,4,3,3,V-0005,800,Y,0.502
Food,Paid,4,3,3,V-0006,12000,Y,0.3016
Food,Paid,4,3,3,V-0007,300,Y,0.5219
Food,Paid,4,3,3,V-0008,1000,Y,0.4235
Food,Paid,4,3,3,V-0009,3000,Y,0.7439
Food,Paid,4,3,3,V-0010,800,Y,0.82
Ceremony,Free,7,2,8,V-0001,5000,Y,1.0
Ceremony,Free,7,2,8,V-0002,10000,Y,0.4723
Ceremony,Free,7,2,8,V-0003,2000,Y,0.5013
Ceremony,Free,7,2,8,V-0004,500,Y,0.4158
Ceremony,Free,7,2,8,V-0005,800,Y,0.7382
Ceremony,Free,7,2,8,V-0006,12000,Y,0.4999
Ceremony,Free,7,2,8,V-0007,300,Y,0.0231
Ceremony,Free,7,2,8,V-0008,1000,Y,0.8612
Ceremony,Free,7,2,8,V-0009,3000,Y,0.6466
Ceremony,Free,7,2,8,V-0010,800,Y,0.4658
Ceremony,Paid,8,1,72,V-0001,5000,Y,1.0
Ceremony,Paid,8,1,72,V-0002,10000,Y,0.5124
Ceremony,Paid,8,1,72,V-0003,2000,Y,0.4754
Ceremony,Paid,8,1,72,V-0004,500,Y,0.3166
Ceremony,Paid,8,1,72,V-0005,800,Y,0.8426
Ceremony,Paid,8,1,72,V-0006,12000,Y,0.4448
Ceremony,Paid,8,1,72,V-0007,300,Y,0.0518
Ceremony,Paid,8,1,72,V-0008,1000,Y,0.9441
Ceremony,Paid,8,1,72,V-0009,3000,Y,0.6386
Ceremony,Paid,8,1,72,V-0010,800,Y,0.3884
Food,Free,7,4,6,V-0001,5000,Y,0.3277
Food,Free,7,4,6,V-0002,10000,Y,0.2952
Food,Free,7,4,6,V-0003,2000,Y,0.7265
Food,Free,7,4,6,V-0004,500,Y,0.8832
Food,Free,7,4,6,V-0005,800,Y,0.3679
Food,Free,7,4,6,V-0006,12000,Y,0.3656
Food,Free,7,4,6,V-0007,300,Y,0.6171
Food,Free,7,4,6,V-0008,1000,Y,0.3279
Food,Free,7,4,6,V-0009,3000,Y,0.9028
Food,Free,7,4,6,V-0010,800,Y,0.8951
Cultural,Free,7,1,12,V-0001,5000,Y,0.9848
Cultural,Free,7,1,12,V-0002,10000,Y,0.7919
Cultural,Free,7,1,12,V-0003,2000,Y,0.8567
Cultural,Free,7,1,12,V-0004,500,Y,0.4394
Cultural,Free,7,1,12,V-0005,800,Y,0.374
Cultural,Free,7,1,12,V-0006,12000,Y,0.651
Cultural,Free,7,1,12,V-0007,300,Y,0.0514
Cultural,Free,7,1,12,V-0008,1000,Y,0.5192
Cultural,Free,7,1,12,V-0009,3000,Y,0.9394
Cultural,Free,7,1,12,V-0010,800,Y,0.4178
Technical,Free,7,2,3,V-0001,5000,Y,0.6132
Technical,Free,7,2,3,V-0002,10000,Y,0.2833
Technical,Free,7,2,3,V-0003,2000,Y,0.4503
Technical,Free,7,2,3,V-0004,500,Y,0.495
Technical,Free,7,2,3,V-0005,800,Y,0.8491
Technical,Free,7,2,3,V-0006,12000,Y,0.1516
Technical,Free,7,2,3,V-0007,300,Y,0.2169
Technical,Free,7,2,3,V-0008,1000,Y,0.8668
Technical,Free,7,2,3,V-0009,3000,Y,0.4018
Technical,Free,7,2,3,V-0010,800,Y,0.5278
Sports,Free,7,2,8,V-0001,5000,Y,0.3723
Sports,Free,7,2,8,V-0002,10000,Y,1.0
Sports,Free,7,2,8,V-0003,2000,Y,0.5016
Sports,Free,7,2,8,V-0004,500,Y,0.1932
Sports,Free,7,2,8,V-0005,800,Y,0.1068
Sports,Free,7,2,8,V-0006,12000,Y,0.9935
Sports,Free,7,2,8,V-0007,300,Y,0.6956
Sports,Free,7,2,8,V-0008,1000,Y,0.1638
Sports,Free,7,2,8,V-0009,3000,Y,0.4506
Sports,Free,7,2,8,V-0010,800,Y,0.2794
Ceremony,Free,2,3,1,V-0001,5000,Y,0.9437
Ceremony,Free,2,3,1,V-0002,10000,Y,0.4044
Ceremony,Free,2,3,1,V-0003,2000,Y,0.5663
Ceremony,Free,2,3,1,V-0004,500,Y,0.5973
Ceremony,Free,2,3,1,V-0005,800,Y,0.8985
Ceremony,Free,2,3,1,V-0006,12000,Y,0.3357
Ceremony,Free,2,3,1,V-0007,300,Y,0.3728
Ceremony,Free,2,3,1,V-0008,1000,Y,0.8157
Ceremony,Free,2,3,1,V-0009,3000,Y,0.6677
Ceremony,Free,2,3,1,V-0010,800,Y,0.5976
Food,Free,6,1,6,V-0001,5000,Y,0.3553
Food,Free,6,1,6,V-0002,10000,Y,0.3439
Food,Free,6,1,6,V-0003,2000,Y,0.7583
Food,Free,6,1,6,V-0004,500,Y,0.8183
Food,Free,6,1,6,V-0005,800,Y,0.3686
Food,Free,6,1,6,V-0006,12000,Y,0.2468
Food,Free,6,1,6,V-0007,300,Y,0.4766
Food,Free,6,1,6,V-0008,1000,Y,0.3703
Food,Free,6,1,6,V-0009,3000,Y,0.8359
Food,Free,6,1,6,V-0010,800,Y,0.7439
Cultural,Paid,4,1,12,V-0001,5000,Y,1.0
Cultural,Paid,4,1,12,V-0002,10000,Y,0.8997
Cultural,Paid,4,1,12,V-0003,2000,Y,0.7998
Cultural,Paid,4,1,12,V-0004,500,Y,0.4335
Cultural,Paid,4,1,12,V-0005,800,Y,0.5033
Cultural,Paid,4,1,12,V-0006,12000,Y,0.696
Cultural,Paid,4,1,12,V-0007,300,Y,0.0868
Cultural,Paid,4,1,12,V-0008,1000,Y,0.6384
Cultural,Paid,4,1,12,V-0009,3000,Y,0.8607
Cultural,Paid,4,1,12,V-0010,800,Y,0.4129
Food,Free,3,3,8,V-0001,5000,Y,0.4233
Food,Free,3,3,8,V-0002,10000,Y,0.4897
Food,Free,3,3,8,V-0003,2000,Y,0.723
Food,Free,3,3,8,V-0004,500,Y,0.5998
Food,Free,3,3,8,V-0005,800,Y,0.2715
Food,Free,3,3,8,V-0006,12000,Y,0.3641
Food,Free,3,3,8,V-0007,300,Y,0.4011
Food,Free,3,3,8,V-0008,1000,Y,0.3496
Food,Free,3,3,8,V-0009,3000,Y,1.0
Food,Free,3,3,8,V-0010,800,Y,0.699
Food,Paid,8,5,3,V-0001,5000,Y,0.449
Food,Paid,8,5,3,V-0002,10000,Y,0.3827
Food,Paid,8,5,3,V-0003,2000,Y,0.7056
Food,Paid,8,5,3,V-0004,500,Y,0.7223
Food,Paid,8,5,3,V-0005,800,Y,0.5004
Food,Paid,8,5,3,V-0006,12000,Y,0.2475
Food,Paid,8,5,3,V-0007,300,Y,0.5074
Food,Paid,8,5,3,V-0008,1000,Y,0.4378
Food,Paid,8,5,3,V-0009,3000,Y,0.7756
Food,Paid,8,5,3,V-0010,800,Y,0.7425
Sports,Free,10,5,8,V-0001,5000,Y,0.3023
Sports,Free,10,5,8,V-0002,10000,Y,1.0
Sports,Free,10,5,8,V-0003,2000,Y,0.5572
Sports,Free,10,5,8,V-0004,500,Y,0.3295
Sports,Free,10,5,8,V-0005,800,Y,0.0526
Sports,Free,10,5,8,V-0006,12000,Y,1.0
Sports,Free,10,5,8,V-0007,300,Y,0.7424
Sports,Free,10,5,8,V-0008,1000,Y,0.1442
Sports,Free,10,5,8,V-0009,3000,Y,0.5116
Sports,Free,10,5,8,V-0010,800,Y,0.334
Technical,Paid,2,4,1,V-0001,5000,Y,0.7112
Technical,Paid,2,4,1,V-0002,10000,Y,0.2788
Technical,Paid,2,4,1,V-0003,2000,Y,0.5215
Technical,Paid,2,4,1,V-0004,500,Y,0.5396
Technical,Paid,2,4,1,V-0005,800,Y,0.8559
Technical,Paid,2,4,1,V-0006,12000,Y,0.1665
Technical,Paid,2,4,1,V-0007,300,Y,0.2055
Technical,Paid,2,4,1,V-0008,1000,Y,0.8879
Technical,Paid,2,4,1,V-0009,3000,Y,0.4145
Technical,Paid,2,4,1,V-0010,800,Y,0.5368
Sports,Free,7,3,24,V-0001,5000,Y,0.3564
Sports,Free,7,3,24,V-0002,10000,Y,1.0
Sports,Free,7,3,24,V-0003,2000,Y,0.4975
Sports,Free,7,3,24,V-0004,500,Y,0.2776
Sports,Free,7,3,24,V-0005,800,Y,0.138
Sports,Free,7,3,24,V-0006,12000,Y,0.9906
Sports,Free,7,3,24,V-0007,300,Y,0.5978
Sports,Free,7,3,24,V-0008,1000,Y,0.2374
Sports,Free,7,3,24,V-0009,3000,Y,0.4253
Sports,Free,7,3,24,V-0010,800,Y,0.221
Technical,Free,12,6,6,V-0001,5000,Y,0.5032
Technical,Free,12,6,6,V-0002,10000,Y,0.2579
Technical,Free,12,6,6,V-0003,2000,Y,0.6317
Technical,Free,12,6,6,V-0004,500,Y,0.5904
Technical,Free,12,6,6,V-0005,800,Y,0.7269
Technical,Free,12,6,6,V-0006,12000,Y,0.1764
Technical,Free,12,6,6,V-0007,300,Y,0.2082
Technical,Free,12,6,6,V-0008,1000,Y,0.8157
Technical,Free,12,6,6,V-0009,3000,Y,0.4508
Technical,Free,12,6,6,V-0010,800,Y,0.6173
Cultural,Paid,5,6,8,V-0001,5000,Y,1.0
Cultural,Paid,5,6,8,V-0002,10000,Y,0.8232
Cultural,Paid,5,6,8,V-0003,2000,Y,0.8048
Cultural,Paid,5,6,8,V-0004,500,Y,0.3611
Cultural,Paid,5,6,8,V-0005,800,Y,0.5479
Cultural,Paid,5,6,8,V-0006,12000,Y,0.6937
Cultural,Paid,5,6,8,V-0007,300,Y,0.0489
Cultural,Paid,5,6,8,V-0008,1000,Y,0.6127
Cultural,Paid,5,6,8,V-0009,3000,Y,0.8323
Cultural,Paid,5,6,8,V-0010,800,Y,0.3646
Cultural,Paid,10,6,1,V-0001,5000,Y,0.9431
Cultural,Paid,10,6,1,V-0002,10000,Y,0.7485
Cultural,Paid,10,6,1,V-0003,2000,Y,0.8251
Cultural,Paid,10,6,1,V-0004,500,Y,0.5655
Cultural,Paid,10,6,1,V-0005,800,Y,0.6588
Cultural,Paid,10,6,1,V-0006,12000,Y,0.5716
Cultural,Paid,10,6,1,V-0007,300,Y,0.2532
Cultural,Paid,10,6,1,V-0008,1000,Y,0.6416
Cultural,Paid,10,6,1,V-0009,3000,Y,0.8058
Cultural,Paid,10,6,1,V-0010,800,Y,0.703
Food,Free,6,0,6,V-0001,5000,Y,0.3771
Food,Free,6,0,6,V-0002,10000,Y,0.3305
Food,Free,6,0,6,V-0003,2000,Y,0.8163
Food,Free,6,0,6,V-0004,500,Y,0.7558
Food,Free,6,0,6,V-0005,800,Y,0.4297
Food,Free,6,0,6,V-0006,12000,Y,0.312
Food,Free,6,0,6,V-0007,300,Y,0.6021
Food,Free,6,0,6,V-0008,1000,Y,0.4125
Food,Free,6,0,6,V-0009,3000,Y,0.8813
Food,Free,6,0,6,V-0010,800,Y,0.7999
Sports,Free,7,6,6,V-0001,5000,Y,0.2684
Sports,Free,7,6,6,V-0002,10000,Y,0.8729
Sports,Free,7,6,6,V-0003,2000,Y,0.5605
Sports,Free,7,6,6,V-0004,500,Y,0.3855
Sports,Free,7,6,6,V-0005,800,Y,0.2354
Sports,Free,7,6,6,V-0006,12000,Y,0.9574
Sports,Free,7,6,6,V-0007,300,Y,0.7961
Sports,Free,7,6,6,V-0008,1000,Y,0.1611
Sports,Free,7,6,6,V-0009,3000,Y,0.428
Sports,Free,7,6,6,V-0010,800,Y,0.3537
Ceremony,Paid,11,6,4,V-0001,5000,Y,0.9581
Ceremony,Paid,11,6,4,V-0002,10000,Y,0.5015
Ceremony,Paid,11,6,4,V-0003,2000,Y,0.5774
Ceremony,Paid,11,6,4,V-0004,500,Y,0.5588
Ceremony,Paid,11,6,4,V-0005,800,Y,0.9898
Ceremony,Paid,11,6,4,V-0006,12000,Y,0.3997
Ceremony,Paid,11,6,4,V-0007,300,Y,0.2231
Ceremony,Paid,11,6,4,V-0008,1000,Y,0.9601
Ceremony,Paid,11,6,4,V-0009,3000,Y,0.5671
Ceremony,Paid,11,6,4,V-0010,800,Y,0.52
Technical,Free,12,4,48,V-0001,5000,Y,0.7031
Technical,Free,12,4,48,V-0002,10000,Y,0.4522
Technical,Free,12,4,48,V-0003,2000,Y,0.6282
Technical,Free,12,4,48,V-0004,500,Y,0.4966
Technical,Free,12,4,48,V-0005,800,Y,0.5743
Technical,Free,12,4,48,V-0006,12000,Y,0.4171
Technical,Free,12,4,48,V-0007,300,Y,0.0823
Technical,Free,12,4,48,V-0008,1000,Y,0.8107
Technical,Free,12,4,48,V-0009,3000,Y,0.6711
Technical,Free,12,4,48,V-0010,800,Y,0.4803
Sports,Paid,9,6,6,V-0001,5000,Y,0.3715
Sports,Paid,9,6,6,V-0002,10000,Y,0.9429
Sports,Paid,9,6,6,V-0003,2000,Y,0.3854
Sports,Paid,9,6,6,V-0004,500,Y,0.2664
Sports,Paid,9,6,6,V-0005,800,Y,0.3082
Sports,Paid,9,6,6,V-0006,12000,Y,0.8713
Sports,Paid,9,6,6,V-0007,300,Y,0.9322
Sports,Paid,9,6,6,V-0008,1000,Y,0.2559
Sports,Paid,9,6,6,V-0009,3000,Y,0.2911
Sports,Paid,9,6,6,V-0010,800,Y,0.2889
Ceremony,Paid,10,2,4,V-0001,5000,Y,1.0
Ceremony,Paid,10,2,4,V-0002,10000,Y,0.5126
Ceremony,Paid,10,2,4,V-0003,2000,Y,0.5644
Ceremony,Paid,10,2,4,V-0004,500,Y,0.5067
Ceremony,Paid,10,2,4,V-0005,800,Y,0.9433
Ceremony,Paid,10,2,4,V-0006,12000,Y,0.4413
Ceremony,Paid,10,2,4,V-0007,300,Y,0.2701
Ceremony,Paid,10,2,4,V-0008,1000,Y,0.9643
Ceremony,Paid,10,2,4,V-0009,3000,Y,0.5996
Ceremony,Paid,10,2,4,V-0010,800,Y,0.5594
Technical,Paid,2,2,12,V-0001,5000,Y,0.7765
Technical,Paid,2,2,12,V-0002,10000,Y,0.4769
Technical,Paid,2,2,12,V-0003,2000,Y,0.5372
Technical,Paid,2,2,12,V-0004,500,Y,0.2781
Technical,Paid,2,2,12,V-0005,800,Y,0.716
Technical,Paid,2,2,12,V-0006,12000,Y,0.3539
Technical,Paid,2,2,12,V-0007,300,Y,0.0589
Technical,Paid,2,2,12,V-0008,1000,Y,0.9235
Technical,Paid,2,2,12,V-0009,3000,Y,0.5795
Technical,Paid,2,2,12,V-0010,800,Y,0.3809
Technical,Paid,10,4,8,V-0001,5000,Y,0.7624
Technical,Paid,10,4,8,V-0002,10000,Y,0.4981
Technical,Paid,10,4,8,V-0003,2000,Y,0.5396
Technical,Paid,10,4,8,V-0004,500,Y,0.4341
Technical,Paid,10,4,8,V-0005,800,Y,0.7226
Technical,Paid,10,4,8,V-0006,12000,Y,0.3096
Technical,Paid,10,4,8,V-0007,300,Y,0.1101
Technical,Paid,10,4,8,V-0008,1000,Y,0.9152
Technical,Paid,10,4,8,V-0009,3000,Y,0.5816
Technical,Paid,10,4,8,V-0010,800,Y,0.4069
Sports,Free,6,1,6,V-0001,5000,Y,0.2445
Sports,Free,6,1,6,V-0002,10000,Y,0.851
Sports,Free,6,1,6,V-0003,2000,Y,0.4716
Sports,Free,6,1,6,V-0004,500,Y,0.346
Sports,Free,6,1,6,V-0005,800,Y,0.2268
Sports,Free,6,1,6,V-0006,12000,Y,0.9735
Sports,Free,6,1,6,V-0007,300,Y,0.9168
Sports,Free,6,1,6,V-0008,1000,Y,0.2158
Sports,Free,6,1,6,V-0009,3000,Y,0.3322
Sports,Free,6,1,6,V-0010,800,Y,0.3978
Sports,Paid,6,2,12,V-0001,5000,Y,0.4979
Sports,Paid,6,2,12,V-0002,10000,Y,0.9756
Sports,Paid,6,2,12,V-0003,2000,Y,0.3946
Sports,Paid,6,2,12,V-0004,500,Y,0.1506
Sports,Paid,6,2,12,V-0005,800,Y,0.1686
Sports,Paid,6,2,12,V-0006,12000,Y,1.0
Sports,Paid,6,2,12,V-0007,300,Y,0.6952
Sports,Paid,6,2,12,V-0008,1000,Y,0.3168
Sports,Paid,6,2,12,V-0009,3000,Y,0.3645
Sports,Paid,6,2,12,V-0010,800,Y,0.1325
Sports,Free,9,1,2,V-0001,5000,Y,0.2789
Sports,Free,9,1,2,V-0002,10000,Y,0.7851
Sports,Free,9,1,2,V-0003,2000,Y,0.5491
Sports,Free,9,1,2,V-0004,500,Y,0.364
Sports,Free,9,1,2,V-0005,800,Y,0.259
Sports,Free,9,1,2,V-0006,12000,Y,0.8873
Sports,Free,9,1,2,V-0007,300,Y,0.7933
Sports,Free,9,1,2,V-0008,1000,Y,0.1296
Sports,Free,9,1,2,V-0009,3000,Y,0.319
Sports,Free,9,1,2,V-0010,800,Y,0.4305
Ceremony,Free,4,5,4,V-0001,5000,Y,0.9279
Ceremony,Free,4,5,4,V-0002,10000,Y,0.5023
Ceremony,Free,4,5,4,V-0003,2000,Y,0.5074
Ceremony,Free,4,5,4,V-0004,500,Y,0.5374
Ceremony,Free,4,5,4,V-0005,800,Y,0.9617
Ceremony,Free,4,5,4,V-0006,12000,Y,0.4302
Ceremony,Free,4,5,4,V-0007,300,Y,0.2825
Ceremony,Free,4,5,4,V-0008,1000,Y,0.8983
Ceremony,Free,4,5,4,V-0009,3000,Y,0.621
Ceremony,Free,4,5,4,V-0010,800,Y,0.5537
Ceremony,Free,1,0,4,V-0001,5000,Y,0.9311
Ceremony,Free,1,0,4,V-0002,10000,Y,0.458
Ceremony,Free,1,0,4,V-0003,2000,Y,0.5773
Ceremony,Free,1,0,4,V-0004,500,Y,0.6099
Ceremony,Free,1,0,4,V-0005,800,Y,0.8432
Ceremony,Free,1,0,4,V-0006,12000,Y,0.4119
Ceremony,Free,1,0,4,V-0007,300,Y,0.3079
Ceremony,Free,1,0,4,V-0008,1000,Y,0.8382
Ceremony,Free,1,0,4,V-0009,3000,Y,0.6635
Ceremony,Free,1,0,4,V-0010,800,Y,0.6691
Ceremony,Paid,5,5,6,V-0001,5000,Y,1.0
Ceremony,Paid,5,5,6,V-0002,10000,Y,0.3923
Ceremony,Paid,5,5,6,V-0003,2000,Y,0.4213
Ceremony,Paid,5,5,6,V-0004,500,Y,0.3753
Ceremony,Paid,5,5,6,V-0005,800,Y,0.9967
Ceremony,Paid,5,5,6,V-0006,12000,Y,0.3451
Ceremony,Paid,5,5,6,V-0007,300,Y,0.2605
Ceremony,Paid,5,5,6,V-0008,1000,Y,0.9752
Ceremony,Paid,5,5,6,V-0009,3000,Y,0.459
Ceremony,Paid,5,5,6,V-0010,800,Y,0.5242
Ceremony,Free,6,3,72,V-0001,5000,Y,1.0
Ceremony,Free,6,3,72,V-0002,10000,Y,0.5233
Ceremony,Free,6,3,72,V-0003,2000,Y,0.5209
Ceremony,Free,6,3,72,V-0004,500,Y,0.3416
Ceremony,Free,6,3,72,V-0005,800,Y,0.7351
Ceremony,Free,6,3,72,V-0006,12000,Y,0.4935
Ceremony,Free,6,3,72,V-0007,300,Y,0.1254
Ceremony,Free,6,3,72,V-0008,1000,Y,0.9117
Ceremony,Free,6,3,72,V-0009,3000,Y,0.6604
Ceremony,Free,6,3,72,V-0010,800,Y,0.3352
Food,Free,12,3,3,V-0001,5000,Y,0.3056
Food,Free,12,3,3,V-0002,10000,Y,0.3593
Food,Free,12,3,3,V-0003,2000,Y,0.8229
Food,Free,12,3,3,V-0004,500,Y,0.8541
Food,Free,12,3,3,V-0005,800,Y,0.3314
Food,Free,12,3,3,V-0006,12000,Y,0.3162
Food,Free,12,3,3,V-0007,300,Y,0.6505
Food,Free,12,3,3,V-0008,1000,Y,0.2787
Food,Free,12,3,3,V-0009,3000,Y,0.9132
Food,Free,12,3,3,V-0010,800,Y,0.7951
Sports,Free,12,1,4,V-0001,5000,Y,0.1989
Sports,Free,12,1,4,V-0002,10000,Y,1.0
Sports,Free,12,1,4,V-0003,2000,Y,0.6265
Sports,Free,12,1,4,V-0004,500,Y,0.4417
Sports,Free,12,1,4,V-0005,800,Y,0.1759
Sports,Free,12,1,4,V-0006,12000,Y,1.0
Sports,Free,12,1,4,V-0007,300,Y,0.8901
Sports,Free,12,1,4,V-0008,1000,Y,0.1621
Sports,Free,12,1,4,V-0009,3000,Y,0.4906
Sports,Free,12,1,4,V-0010,800,Y,0.5091
Food,Paid,12,1,3,V-0001,5000,Y,0.396
Food,Paid,12,1,3,V-0002,10000,Y,0.4219
Food,Paid,12,1,3,V-0003,2000,Y,0.6949
Food,Paid,12,1,3,V-0004,500,Y,0.7469
Food,Paid,12,1,3,V-0005,800,Y,0.4409
Food,Paid,12,1,3,V-0006,12000,Y,0.3947
Food,Paid,12,1,3,V-0007,300,Y,0.6665
Food,Paid,12,1,3,V-0008,1000,Y,0.3679
Food,Paid,12,1,3,V-0009,3000,Y,0.9397
Food,Paid,12,1,3,V-0010,800,Y,0.8192
Ceremony,Free,10,6,6,V-0001,5000,Y,0.8991
Ceremony,Free,10,6,6,V-0002,10000,Y,0.4501
Ceremony,Free,10,6,6,V-0003,2000,Y,0.513
Ceremony,Free,10,6,6,V-0004,500,Y,0.6454
Ceremony,Free,10,6,6,V-0005,800,Y,0.8795
Ceremony,Free,10,6,6,V-0006,12000,Y,0.4187
Ceremony,Free,10,6,6,V-0007,300,Y,0.2827
Ceremony,Free,10,6,6,V-0008,1000,Y,0.8206
Ceremony,Free,10,6,6,V-0009,3000,Y,0.5975
Ceremony,Free,10,6,6,V-0010,800,Y,0.5888
Sports,Paid,4,2,3,V-0001,5000,Y,0.3818
Sports,Paid,4,2,3,V-0002,10000,Y,0.8498
Sports,Paid,4,2,3,V-0003,2000,Y,0.4117
Sports,Paid,4,2,3,V-0004,500,Y,0.2457
Sports,Paid,4,2,3,V-0005,800,Y,0.3687
Sports,Paid,4,2,3,V-0006,12000,Y,0.9486
Sports,Paid,4,2,3,V-0007,300,Y,0.7854
Sports,Paid,4,2,3,V-0008,1000,Y,0.3466
Sports,Paid,4,2,3,V-0009,3000,Y,0.2706
Sports,Paid,4,2,3,V-0010,800,Y,0.2676
Technical,Free,12,4,2,V-0001,5000,Y,0.558
Technical,Free,12,4,2,V-0002,10000,Y,0.2759
Technical,Free,12,4,2,V-0003,2000,Y,0.5694
Technical,Free,12,4,2,V-0004,500,Y,0.5625
Technical,Free,12,4,2,V-0005,800,Y,0.7672
Technical,Free,12,4,2,V-0006,12000,Y,0.2077
Technical,Free,12,4,2,V-0007,300,Y,0.2371
Technical,Free,12,4,2,V-0008,1000,Y,0.7853
Technical,Free,12,4,2,V-0009,3000,Y,0.4769
Technical,Free,12,4,2,V-0010,800,Y,0.6134
Cultural,Paid,9,2,8,V-0001,5000,Y,1.0
Cultural,Paid,9,2,8,V-0002,10000,Y,0.6831
Cultural,Paid,9,2,8,V-0003,2000,Y,0.8175
Cultural,Paid,9,2,8,V-0004,500,Y,0.4362
Cultural,Paid,9,2,8,V-0005,800,Y,0.4055
Cultural,Paid,9,2,8,V-0006,12000,Y,0.6596
Cultural,Paid,9,2,8,V-0007,300,Y,0.0748
Cultural,Paid,9,2,8,V-0008,1000,Y,0.7323
Cultural,Paid,9,2,8,V-0009,3000,Y,0.8508
Cultural,Paid,9,2,8,V-0010,800,Y,0.3709
